frame,cap_read,face_detect,landmark,preprocess,inference,postprocess,render,total_ms,ai_ms,ai_pct
0,669.6670,1780.3142,18.0963,0.0064,0.0011,0.0012,60.8472,2528.9334,18.1050,0.7159
2,14.3635,15.7452,5.2858,0.0076,0.0009,0.0018,1.2115,36.6163,5.2961,14.4638
4,15.0120,12.1394,5.2076,0.0029,0.0023,0.0010,1.2281,33.5933,5.2138,15.5204
6,14.6968,11.1093,4.2125,0.0047,0.0006,0.0008,1.8217,31.8464,4.2186,13.2467
8,14.2615,14.3974,4.3179,0.0066,0.0009,0.0008,1.2676,34.2527,4.3262,12.6302
10,14.6660,14.2135,3.4086,0.0022,0.0005,0.0007,1.1203,33.4118,3.4120,10.2120
12,16.4160,11.0873,3.7126,0.0029,0.0007,0.0010,1.1905,32.4110,3.7172,11.4689
14,13.9801,12.3469,3.9578,0.0025,0.0006,0.0009,1.2860,31.5748,3.9618,12.5473
16,14.2789,10.3841,3.8388,0.0026,0.0011,0.0008,1.1507,29.6570,3.8433,12.9592
18,14.7561,12.4075,4.3693,0.0040,0.0009,0.0012,1.1921,32.7311,4.3754,13.3677
20,14.7617,16.7174,4.3668,0.0017,0.0006,0.0006,1.1445,36.9933,4.3697,11.8121
22,2.5507,13.8266,3.8275,0.0033,0.0009,0.0007,1.2757,21.4854,3.8324,17.8372
24,2.0378,13.6916,3.9223,0.0060,0.0009,0.0009,1.6966,21.3561,3.9301,18.4027
26,1.6533,14.4314,3.6854,0.0034,0.0010,0.0009,1.1984,20.9738,3.6907,17.5967
28,2.5127,14.7365,4.4323,0.0033,0.0006,0.0008,1.1416,22.8278,4.4370,19.4368
30,1.8630,9.4110,3.8162,0.0034,0.0007,0.0008,1.1197,16.2148,3.8211,23.5655
32,2.5295,12.8506,3.9804,0.0024,0.0006,0.0010,0.9901,20.3546,3.9844,19.5749
34,1.6310,12.2961,3.5498,0.0029,0.0006,0.0006,1.0380,18.5190,3.5539,19.1906
36,2.3883,18.8629,3.5913,0.0039,0.0011,0.0011,1.2382,26.0868,3.5974,13.7901
38,1.5451,13.7799,3.4886,0.0029,0.0007,0.0010,1.1786,19.9968,3.4932,17.4688
40,1.5431,9.3859,3.1136,0.0013,0.0006,0.0007,0.7906,14.8358,3.1162,21.0046
42,2.2055,11.7460,3.8972,0.0027,0.0009,0.0007,1.0685,18.9215,3.9015,20.6194
44,2.9809,10.3109,3.4472,0.0021,0.0010,0.0007,1.0279,17.7707,3.4510,19.4196
46,2.2785,14.4902,3.4594,0.0034,0.0008,0.0011,1.2505,21.4839,3.4647,16.1270
48,3.2061,13.3627,3.7623,0.0025,0.0010,0.0007,1.0609,21.3962,3.7665,17.6036
50,1.8347,12.3298,12.2808,8.0682,0.9777,0.1740,3.5742,39.2394,21.5007,54.7937
52,2.0198,15.0102,5.2258,0.0116,0.0007,0.0008,1.7166,23.9855,5.2389,21.8419
54,3.9858,19.8016,11.2013,0.7716,0.2995,0.6297,1.9227,38.6122,12.9021,33.4146
56,1.9189,11.4075,6.0713,0.6431,0.1949,0.1221,1.1777,21.5355,7.0314,32.6503
58,3.5350,16.6005,6.0558,0.7312,0.1712,0.0923,1.3077,28.4937,7.0505,24.7441
60,2.9454,17.0063,5.7673,0.6606,0.1617,0.1418,1.1446,27.8277,6.7314,24.1896
62,2.7390,13.1170,5.7287,0.8918,0.2506,0.1100,1.2440,24.0811,6.9811,28.9900
64,1.5092,11.1020,5.4686,0.8740,0.2431,0.1465,1.5567,20.9001,6.7322,32.2113
66,2.6015,19.7373,5.5575,1.7096,0.2057,0.2076,2.8473,32.8665,7.6804,23.3685
68,2.1129,16.7575,5.6502,0.6473,0.2415,0.0979,2.7698,28.2771,6.6369,23.4709
70,2.2696,10.9603,4.3632,0.0084,0.0007,0.0009,1.5678,19.1709,4.3732,22.8117
72,2.3034,12.9088,7.9481,0.5477,0.1396,0.0913,1.3972,25.3361,8.7267,34.4437
74,1.4360,11.2001,5.3525,0.5348,0.1386,0.0900,1.4545,20.2065,6.1159,30.2670
76,1.7904,12.9930,5.0422,0.5567,0.2361,0.0891,1.0024,21.7099,5.9241,27.2876
78,1.8059,9.6214,5.1878,0.5609,0.2057,0.0912,1.0591,18.5320,6.0456,32.6225
80,2.2982,9.8661,6.3251,0.8762,0.2183,0.1457,1.0214,20.7510,7.5653,36.4575
82,2.2052,11.3482,5.5182,0.6148,0.1367,0.0929,1.0356,20.9516,6.3626,30.3681
84,1.9519,14.5372,5.3295,0.5820,0.2164,0.1055,1.5181,24.2406,6.2334,25.7147
86,1.8924,12.0456,6.3688,0.5298,0.1297,0.0686,1.2847,22.3196,7.0969,31.7967
88,5.0740,12.2048,5.2386,0.6372,0.1361,0.0907,1.3940,24.7754,6.1026,24.6317
90,2.5036,13.5369,5.2957,0.7833,0.1376,0.0912,1.6480,23.9963,6.3078,26.2866
92,2.2487,10.5890,5.0249,0.7018,0.1940,0.1117,1.2469,20.1170,6.0324,29.9866
94,2.2208,14.9041,5.0732,0.6307,0.7156,0.1010,2.4948,26.1402,6.5205,24.9443
96,1.6983,10.0004,5.2034,0.5849,0.2326,0.0905,1.0025,18.8126,6.1114,32.4857
98,2.4129,11.6666,5.3136,0.5844,0.1354,0.0907,1.0066,21.2102,6.1241,28.8734
100,1.9073,9.7318,5.9443,0.5819,0.1415,0.0903,1.0132,19.4103,6.7580,34.8166
102,2.1856,19.2852,5.1864,0.5849,0.1405,0.0890,1.1733,28.6449,6.0008,20.9489
104,1.8214,15.3462,4.9541,0.5710,0.1446,0.0899,1.5067,24.4339,5.7596,23.5722
106,1.8797,9.8676,5.5438,0.6412,0.2172,0.0912,1.3450,19.5857,6.4934,33.1538
108,2.6141,16.8455,5.2040,0.6412,0.1328,0.0855,1.8492,27.3723,6.0635,22.1520
110,2.2261,14.0283,5.8029,0.5630,0.2423,0.0920,1.4455,24.4001,6.7002,27.4597
112,1.7061,12.6267,4.2872,0.0099,0.0007,0.0007,1.4453,20.0766,4.2985,21.4105
114,1.7799,10.2005,3.5317,0.0032,0.0006,0.0011,1.3521,16.8691,3.5366,20.9650
116,2.3794,12.9834,7.7789,0.4863,0.1128,0.0640,1.2919,25.0967,8.4420,33.6379
118,2.6019,9.8513,7.6162,0.5584,0.1531,0.0896,1.5828,22.4533,8.4173,37.4880
120,2.1735,18.8564,4.9764,0.6079,0.1338,0.0827,1.7714,28.6021,5.8008,20.2810
122,1.8840,11.0081,4.8207,0.0091,0.0006,0.0011,1.4878,19.2114,4.8315,25.1491
124,1.8405,12.6294,8.4032,0.5645,0.2181,0.0905,1.4977,25.2439,9.2763,36.7467
126,2.0208,9.6640,5.3241,0.5872,0.1388,0.0899,1.3577,19.1825,6.1400,32.0083
128,2.5770,13.2237,5.2648,0.5787,0.1386,0.0927,1.4878,23.3633,6.0748,26.0015
130,2.3413,12.0582,5.5217,0.6376,0.1885,0.0916,1.4224,22.2613,6.4394,28.9264
132,1.9747,11.8845,4.4460,0.0085,0.0010,0.0011,1.5025,19.8183,4.4566,22.4873
134,1.7842,12.3197,7.8510,0.5773,0.1522,0.0917,1.0097,23.7858,8.6722,36.4596
136,2.4269,11.2793,5.1443,0.5803,0.1424,0.0904,1.0321,20.6957,5.9574,28.7857
138,1.9946,14.7036,5.2651,0.7418,0.1405,0.0922,0.9856,23.9234,6.2396,26.0816
140,2.3503,10.8585,5.6678,0.5838,0.1843,0.0918,1.0093,20.7458,6.5277,31.4652
142,2.7583,15.4295,4.9243,0.7533,0.1320,0.0861,1.5267,25.6102,5.8957,23.0209
144,1.8705,9.5191,5.1156,0.7736,0.2326,0.1019,1.3683,18.9816,6.2237,32.7881
146,1.4109,17.6391,5.5771,0.5804,0.1502,0.0916,2.2511,27.7004,6.3993,23.1018
148,1.8478,12.4365,5.3164,0.5712,0.2016,0.0921,1.8271,22.2927,6.1813,27.7279
150,1.9541,11.4997,5.1440,0.5979,0.1388,0.0911,1.4158,20.8414,5.9718,28.6535
152,1.8096,19.3467,4.9250,0.6282,0.1544,0.0929,1.8954,28.8522,5.8005,20.1042
154,1.8897,11.8096,7.3459,0.5954,0.2399,0.0912,1.4146,23.3863,8.2724,35.3728
156,1.7209,11.0714,5.2731,0.4948,0.1495,0.0880,1.4751,20.2728,6.0054,29.6229
158,2.7176,12.7793,5.0938,0.6463,0.1679,0.0975,1.4132,22.9156,6.0055,26.2070
160,1.7582,18.7147,4.9878,0.6418,0.1387,0.0900,1.4392,27.7704,5.8583,21.0955
162,1.9385,13.4847,4.9508,0.5799,0.1377,0.0885,1.4714,22.6515,5.7569,25.4151
164,2.0826,11.3308,5.2418,0.5527,0.1320,0.0829,1.4100,20.8328,6.0094,28.8459
166,5.0936,17.2477,5.3764,0.5701,0.1393,0.0946,1.5429,30.0646,6.1804,20.5571
168,1.9585,12.1876,4.9756,0.6375,0.2384,0.0920,1.4433,21.5329,5.9435,27.6019
170,1.8489,11.8846,5.3307,0.6480,0.1415,0.0906,1.3981,21.3424,6.2108,29.1008
172,2.5619,34.3585,14.7334,0.6645,0.2430,0.0954,1.3828,54.0395,15.7363,29.1200
174,1.6243,18.0131,5.4776,0.5642,0.1502,0.0913,1.6144,27.5351,6.2833,22.8192
176,1.8064,13.2860,5.2105,0.7098,0.3004,0.1216,1.4803,22.9150,6.3423,27.6775
178,1.9966,12.1038,5.4223,0.5587,0.1365,0.0891,1.3862,21.6932,6.2066,28.6108
180,1.7846,12.6964,5.0088,0.6119,0.1380,0.0917,2.0310,22.3624,5.8504,26.1618
182,2.7318,17.2422,5.5230,0.5610,0.1822,0.0884,1.3955,27.7241,6.3546,22.9209
184,1.7568,12.6713,5.0749,0.5833,0.1465,0.0904,1.4629,21.7861,5.8951,27.0590
186,1.5619,12.4279,6.1646,0.5935,0.2277,0.0939,0.9929,22.0624,7.0797,32.0894
188,1.9954,14.4573,6.5836,0.6581,0.1670,0.1051,1.6454,25.6119,7.5138,29.3371
190,2.2330,15.1581,5.8367,0.7365,0.2397,0.1127,1.1318,25.4485,6.9256,27.2142
192,2.2229,17.7264,7.7443,0.5277,0.1320,0.0844,0.9381,29.3758,8.4884,28.8959
194,2.1823,13.5974,4.9266,0.6378,0.2019,0.0931,0.9699,22.6090,5.8594,25.9162
196,2.2101,14.5014,5.1024,0.7516,0.1385,0.0893,0.9578,23.7511,6.0818,25.6064
198,2.1700,13.0338,5.3107,0.6364,0.1532,0.0976,0.9925,22.3942,6.1979,27.6764
200,1.9217,12.8235,5.0347,0.6264,0.1686,0.0919,0.9985,21.6653,5.9216,27.3322
202,2.2957,14.4352,5.8914,0.5666,0.1373,0.0909,0.7126,24.1297,6.6862,27.7094
204,1.7363,16.2843,6.3275,0.6129,0.1428,0.0907,1.7124,26.9069,7.1739,26.6619
206,2.2754,14.9524,5.6164,0.6030,0.2054,0.0895,1.1325,24.8746,6.5143,26.1886
208,2.1919,13.4637,4.8817,0.5218,0.1316,0.0840,1.0306,22.3053,5.6191,25.1918
210,2.5432,10.6015,5.5286,0.6392,0.1363,0.0907,1.0760,20.6155,6.3948,31.0194
212,1.8617,12.2210,6.2667,0.5876,0.1420,0.0916,1.0686,22.2392,7.0879,31.8712
214,1.4863,12.3884,4.7729,0.5560,0.1354,0.0910,1.0163,20.4463,5.5553,27.1702
216,2.4813,18.3502,5.3587,0.5997,0.1736,0.1106,1.2806,28.3547,6.2426,22.0161
218,2.3310,18.0693,5.0444,0.5631,0.1371,0.0881,1.0476,27.2806,5.8327,21.3804
220,2.4491,12.7203,5.3429,0.7685,0.1329,0.0834,1.0174,22.5145,6.3277,28.1050
222,7.2829,18.3076,8.5777,0.5875,0.2285,0.0923,1.1385,36.2150,9.4860,26.1936
224,1.6065,14.0962,5.5370,0.5841,0.1392,0.0878,1.2266,23.2774,6.3481,27.2715
226,1.5873,11.7023,8.0902,0.5781,0.1362,0.0906,1.1681,23.3528,8.8951,38.0901
228,2.5184,13.3134,6.3280,0.5918,0.1413,0.0923,1.0248,24.0100,7.1534,29.7934
230,2.3384,10.9328,5.1600,0.5995,0.1376,0.0921,1.2727,20.5331,5.9892,29.1685
232,2.0997,12.5885,5.4239,0.5614,0.1351,0.0908,1.0025,21.9019,6.2112,28.3592
234,1.9676,11.9963,5.5847,0.5761,0.1408,0.0893,1.0270,21.3818,6.3909,29.8894
236,2.0141,26.2764,7.1746,0.5864,0.2382,0.0892,1.5561,37.9350,8.0884,21.3217
238,2.3689,18.5999,5.2998,0.5485,0.1354,0.0882,0.9592,27.9999,6.0719,21.6854
240,2.3584,14.0005,5.2659,0.6068,0.1409,0.0903,1.0530,23.5158,6.1039,25.9566
242,1.7193,12.5940,5.3690,0.5602,0.1382,0.0905,0.9715,21.4427,6.1579,28.7179
244,1.8361,14.1312,5.6683,0.6039,0.2337,0.0919,1.0356,23.6007,6.5978,27.9560
246,2.1238,13.4111,5.3610,0.5167,0.1323,0.0870,0.9831,22.6150,6.0970,26.9600
248,1.6604,17.8653,5.4378,0.5910,0.1400,0.0922,1.0658,26.8525,6.2610,23.3163
250,2.5425,12.1909,5.1958,0.6907,0.1426,0.0904,1.0025,21.8554,6.1195,27.9999
252,1.5516,19.5167,5.0300,0.6271,0.1405,0.0960,1.1624,28.1243,5.8936,20.9555
254,2.1513,12.4894,5.4976,0.5865,0.1530,0.1089,2.2166,23.2033,6.3460,27.3496
256,2.2189,11.8702,5.1526,0.4600,0.1075,0.0633,0.7417,20.6142,5.7834,28.0554
258,2.3319,11.6347,5.6575,0.5892,0.1432,0.0930,1.0033,21.4528,6.4829,30.2194
260,2.8975,14.6860,4.6886,0.6126,0.1473,0.1456,1.0165,24.1941,5.5941,23.1218
262,1.7887,10.8063,5.0545,0.5910,0.2891,0.1152,1.0316,19.6764,6.0498,30.7465
264,5.1105,32.0443,6.3657,0.8530,0.3812,0.1172,2.6231,47.4950,7.7171,16.2482
266,1.5403,14.0596,6.2309,0.0107,0.0008,0.0007,1.1581,23.0011,6.2431,27.1426
268,2.0163,13.0178,3.6142,0.0029,0.0007,0.0007,1.2378,19.8904,3.6185,18.1922
270,1.9365,11.8734,4.3578,0.0033,0.0007,0.0009,1.0304,19.2030,4.3627,22.7188
272,1.7555,11.9468,3.9737,0.0032,0.0007,0.0009,1.2306,18.9114,3.9785,21.0376
274,2.1552,12.3175,4.0972,0.0028,0.0006,0.0010,1.2262,19.8005,4.1016,20.7146
276,2.1669,10.3320,3.4827,0.0028,0.0006,0.0005,1.5386,17.5241,3.4866,19.8960
278,2.1595,12.6549,3.6516,0.0029,0.0007,0.0005,1.3998,19.8699,3.6557,18.3982
280,1.8746,12.4304,3.6833,0.0020,0.0174,0.0008,1.5829,19.5914,3.7035,18.9037
282,2.4359,12.8120,10.5765,0.6574,0.1609,0.1046,1.4925,28.2398,11.4994,40.7205
284,2.3979,19.8473,5.1549,0.0097,0.0007,0.0007,1.7722,29.1834,5.1660,17.7018
286,2.5890,14.7802,7.0957,0.0031,0.0007,0.0007,1.5998,26.0692,7.1002,27.2360
288,2.5169,13.0365,7.9849,0.4405,0.0009,0.0008,3.0333,27.0138,8.4271,31.1955
290,1.9320,21.1329,4.8499,0.5053,0.0010,0.0009,1.5219,29.9439,5.3571,17.8905
292,2.6167,15.6745,5.6700,0.0034,0.0012,0.0012,1.4536,25.4206,5.6758,22.3276
294,1.8409,14.0663,7.9318,0.4268,0.0010,0.0008,1.3989,25.6665,8.3604,32.5732
296,1.8922,12.5523,5.5593,0.5846,0.1393,0.1430,1.7648,22.6355,6.4262,28.3899
298,2.3373,20.8167,5.0099,0.0144,0.0016,0.0014,1.6236,29.8049,5.0273,16.8674
300,2.5587,15.9221,9.1580,0.5434,0.0014,0.0017,2.4281,30.6134,9.7045,31.7002
302,1.9142,10.1341,4.6725,0.0041,0.0009,0.0010,1.7529,18.4797,4.6785,25.3170
304,1.9712,10.9744,3.3862,0.0018,0.0005,0.0006,1.0942,17.4289,3.3891,19.4453
306,2.4501,13.3772,7.8690,0.3213,0.0005,0.0006,1.0781,25.0968,8.1914,32.6392
308,1.7401,14.6052,4.6272,0.0020,0.0009,0.0008,1.4723,22.4485,4.6309,20.6290
310,2.1127,11.8784,3.5123,0.0027,0.0008,0.0009,1.9666,19.4744,3.5167,18.0581
312,1.7428,13.0295,4.0740,0.0033,0.0005,0.0009,1.5384,20.3894,4.0787,20.0040
314,2.1642,21.1558,9.0776,0.5761,0.0012,0.0016,1.6783,34.6548,9.6565,27.8648
316,3.0719,17.0948,4.5181,0.0032,0.0008,0.0008,1.4013,26.0909,4.5229,17.3352
318,2.3542,15.5565,8.6717,0.0029,0.0008,0.0007,1.6563,28.2431,8.6761,30.7194
320,2.0954,12.4444,7.6046,0.6278,0.1405,0.0831,1.6686,24.6644,8.4560,34.2842
322,2.7180,22.3191,11.4958,0.0144,0.0011,0.0012,2.8120,39.3616,11.5125,29.2480
324,2.6903,19.0502,5.3071,0.0025,0.0009,0.0010,1.5547,28.6067,5.3115,18.5673
326,1.9287,13.3916,3.0559,0.0024,0.0006,0.0006,1.3903,19.7701,3.0595,15.4754
328,1.9890,12.7491,3.7688,0.0025,0.0009,0.0008,1.4442,19.9553,3.7730,18.9073
330,1.7827,10.4526,3.3835,0.0023,0.0007,0.0008,1.4611,17.0837,3.3873,19.8277
332,2.0541,21.6175,3.8729,0.0030,0.0011,0.0010,1.5588,29.1084,3.8780,13.3226
334,1.7064,13.3152,8.8696,0.5897,0.1404,0.0931,1.3431,26.0575,9.6928,37.1977
336,1.8983,14.3658,4.9722,0.0101,0.0007,0.0007,1.4499,22.6977,4.9837,21.9569
338,2.4911,12.2710,8.5872,0.4790,0.0011,0.0015,1.5583,25.3892,9.0688,35.7191
340,1.8569,21.2883,5.1759,0.0030,0.0007,0.0008,1.4810,29.8066,5.1804,17.3800
342,1.8287,17.0284,3.2904,0.0030,0.0007,0.0007,1.8333,23.9852,3.2948,13.7368
344,2.5031,12.0030,3.8753,0.0049,0.0008,0.0011,2.4894,20.8776,3.8821,18.5946
346,1.8733,10.8553,3.6312,0.0026,0.0008,0.0009,0.9763,17.3404,3.6355,20.9655
348,1.7239,12.3064,3.5648,0.0027,0.0007,0.0007,0.9838,18.5830,3.5689,19.2052
350,2.2708,12.8233,3.4790,0.0020,0.0006,0.0006,2.1746,20.7509,3.4822,16.7810
352,2.6163,13.6759,3.6132,0.0025,0.0007,0.0006,1.0542,20.9634,3.6170,17.2539
354,1.8334,11.8915,9.3822,0.4609,0.1077,0.0641,0.7520,24.4918,10.0149,40.8908
356,2.5682,12.2361,4.7586,0.0085,0.0007,0.0007,1.3231,20.8959,4.7685,22.8203
358,1.8815,11.9519,3.5529,0.0026,0.0006,0.0008,1.7102,19.1005,3.5569,18.6220
360,2.1990,12.2331,3.4777,0.0029,0.0009,0.0010,1.0596,18.9742,3.4825,18.3539
362,1.5237,12.0611,3.6373,0.0020,0.0005,0.0007,0.9550,18.1803,3.6405,20.0244
364,1.7930,19.8420,3.9949,0.0030,0.0006,0.0008,0.9828,26.6171,3.9993,15.0253
366,3.1484,14.4798,4.3569,0.0028,0.0008,0.0008,1.0051,22.9946,4.3613,18.9666
368,2.6121,13.5490,3.5120,0.0032,0.0008,0.0007,0.9859,20.6637,3.5167,17.0187
370,1.8915,16.8904,3.6599,0.0028,0.0006,0.0009,1.0345,23.4806,3.6642,15.6052
372,1.6045,11.8323,3.8286,0.0027,0.0008,0.0008,1.0775,18.3472,3.8329,20.8909
374,2.4148,11.1217,3.6348,0.0029,0.0009,0.0008,1.0150,18.1909,3.6394,20.0067
376,2.1838,12.4890,3.7112,0.0025,0.0006,0.0008,1.0409,19.4288,3.7151,19.1216
378,2.5158,11.7743,3.7441,0.0026,0.0007,0.0006,1.8407,19.8788,3.7480,18.8543
380,2.2423,18.6953,3.5299,0.0032,0.0008,0.0008,1.4728,25.9451,3.5347,13.6238
382,2.7596,17.4994,3.7578,0.0035,0.0007,0.0009,1.3857,25.4076,3.7629,14.8101
384,1.9610,13.7040,3.3998,0.0036,0.0008,0.0006,1.6182,20.6880,3.4048,16.4578
386,1.9337,21.2352,4.0001,0.0029,0.0007,0.0008,1.5772,28.7506,4.0045,13.9284
388,2.4193,13.9990,3.6238,0.0027,0.0008,0.0010,1.5171,21.5637,3.6283,16.8260
390,2.4568,12.1839,3.4334,0.0027,0.0007,0.0011,1.5483,19.6269,3.4379,17.5163
392,1.9499,18.8417,3.4487,0.0028,0.0006,0.0009,1.5185,25.7631,3.4530,13.4029
394,1.6869,12.6946,3.9786,0.0030,0.0006,0.0009,1.5022,19.8668,3.9831,20.0490
396,1.9080,12.5820,4.3639,0.0033,0.0006,0.0008,1.6069,20.4655,4.3686,21.3462
398,2.3892,13.1029,3.9134,0.0023,0.0008,0.0009,1.6356,21.0451,3.9174,18.6143
400,1.9329,10.9719,3.8377,0.0025,0.0007,0.0008,1.4110,18.1575,3.8417,21.1576
402,2.3595,13.3272,3.4910,0.0033,0.0007,0.0009,1.5405,20.7231,3.4959,16.8696
404,1.9043,13.0544,4.7587,0.0037,0.0009,0.0008,2.0096,21.7324,4.7641,21.9216
406,4.3331,12.3157,3.5033,0.0026,0.0007,0.0008,1.7294,21.8856,3.5074,16.0261
408,2.2383,10.5072,3.4813,0.0024,0.0005,0.0007,1.3889,17.6193,3.4849,19.7789
410,2.0835,13.4436,3.2880,0.0027,0.0009,0.0012,1.5879,20.4078,3.2928,16.1350
412,1.6308,11.6023,4.2300,0.0022,0.0008,0.0008,1.4393,18.9062,4.2338,22.3937
414,2.5864,16.0084,3.5109,0.0032,0.0008,0.0009,1.6527,23.7633,3.5158,14.7951
416,1.9720,12.7920,3.5500,0.0028,0.0007,0.0008,1.7901,20.1084,3.5543,17.6757
418,1.8105,13.4020,4.8489,0.0046,0.0011,0.0014,1.9762,22.0447,4.8560,22.0280
420,2.2628,13.5089,3.8169,0.0032,0.0007,0.0008,1.5251,21.1184,3.8216,18.0961
422,2.1602,12.4181,3.5120,0.0026,0.0007,0.0007,1.6500,19.7443,3.5160,17.8077
424,2.2601,15.8365,3.7423,0.0025,0.0006,0.0008,1.6742,23.5170,3.7462,15.9298
426,1.8106,10.5396,3.6865,0.0037,0.0006,0.0008,1.6362,17.6780,3.6916,20.8825
428,1.7280,13.6077,4.0799,0.0030,0.0007,0.0008,1.8100,21.2301,4.0844,19.2387
430,2.0996,10.7172,3.5566,0.0024,0.0006,0.0006,1.6652,18.0422,3.5602,19.7326
432,2.2927,11.2453,3.7652,0.0034,0.0008,0.0008,1.8027,19.1109,3.7702,19.7280
434,2.0852,14.8851,3.6380,0.0031,0.0008,0.0009,1.7240,22.3371,3.6428,16.3083
436,1.7683,14.3965,4.1403,0.0026,0.0009,0.0009,1.6750,21.9845,4.1447,18.8528
438,2.1977,16.7148,3.9513,0.0031,0.0007,0.0009,1.7863,24.6548,3.9560,16.0456
440,2.1132,12.6134,3.5581,0.0027,0.0007,0.0006,1.4894,19.7781,3.5621,18.0103
442,1.9506,20.9726,3.4218,0.0023,0.0004,0.0007,1.6119,27.9603,3.4252,12.2502
444,2.3899,12.5204,3.8326,0.0030,0.0007,0.0009,1.6119,20.3594,3.8372,18.8473
446,2.8451,13.1234,3.5168,0.0025,0.0007,0.0008,1.5786,21.0679,3.5208,16.7117
448,2.3936,12.2808,4.2400,0.0034,0.0007,0.0009,1.5312,20.4506,4.2450,20.7573
450,3.4631,17.4505,4.1436,0.0025,0.0007,0.0008,2.0974,27.1586,4.1476,15.2718
452,2.5646,15.2508,4.9961,0.0039,0.0013,0.0011,2.6229,25.4407,5.0024,19.6630
454,1.7976,12.0853,4.2418,0.0030,0.0007,0.0008,1.3934,19.5226,4.2463,21.7507
456,1.7119,12.1509,3.6186,0.0031,0.0010,0.0005,1.5360,19.0220,3.6232,19.0474
458,2.5111,21.6284,3.4321,0.0027,0.0008,0.0009,1.9225,29.4985,3.4365,11.6497
460,1.8505,11.6878,5.7323,0.0032,0.0011,0.0008,1.7889,21.0646,5.7374,27.2372
462,1.8676,12.7469,3.6716,0.0026,0.0010,0.0008,1.5862,19.8767,3.6760,18.4940
464,2.7153,18.6665,3.6105,0.0024,0.0008,0.0007,2.3880,27.3842,3.6144,13.1989
466,1.8224,20.6087,3.4715,0.0026,0.0009,0.0007,1.5153,27.4221,3.4757,12.6748
468,2.3968,13.6989,3.9519,0.0033,0.0009,0.0006,2.0020,22.0544,3.9567,17.9406
470,1.8359,11.6440,3.6846,0.0030,0.0009,0.0010,1.4536,18.6230,3.6895,19.8115
472,2.0995,12.8105,3.9605,0.0033,0.0008,0.0005,1.6656,20.5407,3.9651,19.3036
474,1.8388,12.6846,4.1331,0.0028,0.0009,0.0010,1.6393,20.3005,4.1378,20.3827
476,2.0081,11.4488,4.1727,0.0059,0.0009,0.0010,1.6283,19.2657,4.1805,21.6992
478,2.0744,12.6991,3.3511,0.0026,0.0008,0.0009,1.2745,19.4034,3.3554,17.2928
480,2.7526,12.9849,3.4621,0.0020,0.0008,0.0006,1.5005,20.7035,3.4655,16.7387
482,1.8693,10.9845,3.8841,0.0080,0.0009,0.0013,1.9926,18.7407,3.8943,20.7799
484,2.4739,10.2667,3.5418,0.0027,0.0007,0.0007,1.6561,17.9426,3.5459,19.7625
486,2.2666,11.9640,3.4955,0.0023,0.0005,0.0007,1.1569,18.8865,3.4990,18.5265
488,1.7524,19.8852,3.4072,0.0027,0.0008,0.0007,1.8503,26.8993,3.4114,12.6821
490,1.8374,13.8323,3.9256,0.0025,0.0008,0.0006,1.5808,21.1800,3.9295,18.5529
492,2.0157,11.4389,3.6103,0.0032,0.0007,0.0010,1.5594,18.6292,3.6152,19.4061
494,1.9753,26.4442,3.9480,0.0037,0.0019,0.0016,1.6604,34.0351,3.9552,11.6209
496,2.2390,14.0886,3.6464,0.0037,0.0010,0.0009,1.4666,21.4462,3.6520,17.0287
498,1.7578,16.1266,3.5106,0.0025,0.0008,0.0009,1.5615,22.9607,3.5148,15.3079
500,2.5620,12.7847,3.6564,0.0025,0.0009,0.0007,2.0043,21.0115,3.6605,17.4214
502,2.3304,12.9994,3.5448,0.0025,0.0007,0.0009,1.3687,20.2474,3.5489,17.5277
504,2.7536,12.6957,3.5892,0.0025,0.0009,0.0007,1.5480,20.5906,3.5933,17.4512
506,2.3589,10.2466,3.4886,0.0020,0.0009,0.0009,1.5007,17.5986,3.4924,19.8448
508,1.7560,19.9052,3.6053,0.0033,0.0009,0.0008,1.8812,27.1527,3.6103,13.2963
510,1.8517,13.9899,3.4306,0.0025,0.0009,0.0011,1.5892,20.8659,3.4351,16.4627
512,3.1121,12.0655,3.6766,0.0025,0.0009,0.0008,1.3882,20.2466,3.6808,18.1798
514,1.8444,21.6888,3.5163,0.0025,0.0007,0.0008,1.7603,28.8138,3.5203,12.2174
516,2.4675,12.2878,3.3886,0.0023,0.0006,0.0005,1.3482,19.4955,3.3920,17.3989
518,2.2024,13.2499,4.6035,0.0031,0.0007,0.0007,2.3674,22.4277,4.6080,20.5460
520,1.9465,19.9074,6.6334,0.0037,0.0009,0.0009,2.6632,31.1560,6.6389,21.3086
522,1.7677,14.1294,3.6007,0.0035,0.0007,0.0007,1.4208,20.9235,3.6056,17.2323
524,2.9696,14.5897,4.0823,0.0029,0.0005,0.0008,2.1454,23.7912,4.0865,17.1765
526,1.7784,10.5245,3.8505,0.0031,0.0007,0.0010,1.8069,17.9651,3.8553,21.4599
528,1.9751,11.6346,3.3756,0.0023,0.0009,0.0008,1.3390,18.3283,3.3796,18.4392
530,2.2626,13.8400,3.4155,0.0020,0.0008,0.0008,1.4382,20.9599,3.4191,16.3126
532,2.8309,9.4632,3.4335,0.0023,0.0008,0.0008,1.3986,17.1301,3.4374,20.0664
534,1.6607,14.3127,3.3210,0.0030,0.0007,0.0009,1.6383,20.9373,3.3256,15.8836
536,2.1752,11.9922,3.9190,0.0029,0.0008,0.0007,1.7177,19.8085,3.9234,19.8066
538,2.2212,14.1828,3.5208,0.0032,0.0008,0.0006,1.7004,21.6298,3.5254,16.2988
540,2.7357,14.7440,3.5065,0.0031,0.0007,0.0008,4.4612,25.4520,3.5111,13.7950
542,3.2180,12.3720,3.2280,0.0031,0.0007,0.0010,1.4324,20.2552,3.2328,15.9603
544,1.7721,12.2824,4.3154,0.0037,0.0013,0.0012,1.9365,20.3126,4.3216,21.2755
546,1.7956,11.0534,3.5036,0.0026,0.0008,0.0008,1.5158,17.8726,3.5078,19.6267
548,1.8076,10.7102,3.9750,0.0037,0.0013,0.0013,1.9222,18.4213,3.9813,21.6125
550,1.6095,11.6988,3.2034,0.0027,0.0006,0.0009,1.6604,18.1763,3.2076,17.6472
552,2.0367,12.9855,3.2132,0.0030,0.0007,0.0008,1.4134,19.6533,3.2177,16.3723
554,3.1940,12.0547,3.7476,0.0027,0.0007,0.0008,1.6389,20.6394,3.7518,18.1779
556,2.1621,12.3958,3.6690,0.0033,0.0007,0.0005,1.4357,19.6671,3.6735,18.6784
558,2.1354,12.8839,3.5733,0.0032,0.0008,0.0009,1.5852,20.1827,3.5782,17.7290
560,2.2783,14.5474,4.2313,0.0020,0.0005,0.0006,1.2433,22.3034,4.2344,18.9854
562,2.2693,12.4776,4.2799,0.0043,0.0008,0.0010,1.8377,20.8706,4.2860,20.5361
564,2.6174,12.9373,3.8219,0.0030,0.0007,0.0007,1.7144,21.0954,3.8263,18.1381
566,1.9182,22.2807,3.7376,0.0030,0.0007,0.0009,2.0566,29.9977,3.7422,12.4750
568,2.0653,14.4040,3.8545,0.0032,0.0007,0.0008,1.6794,22.0079,3.8592,17.5355
570,1.8856,15.0089,4.0562,0.0022,0.0007,0.0009,1.5702,22.5247,4.0600,18.0247
572,1.6485,11.9218,4.1681,0.0027,0.0006,0.0009,1.3744,19.1170,4.1723,21.8251
574,2.1602,11.0642,3.9649,0.0027,0.0005,0.0009,1.6137,18.8071,3.9690,21.1037
576,1.8514,12.8319,3.9030,0.0029,0.0007,0.0007,1.9022,20.4928,3.9073,19.0667
578,1.5919,11.3586,3.5545,0.0031,0.0008,0.0008,1.4123,17.9220,3.5592,19.8594
580,2.2427,19.3575,8.4725,0.0028,0.0008,0.0008,1.8894,31.9665,8.4769,26.5181
582,2.4714,12.2964,3.5038,0.0027,0.0007,0.0009,1.6435,19.9194,3.5081,17.6115
584,1.5302,11.1707,3.6391,0.0030,0.0009,0.0008,1.4296,17.7743,3.6438,20.5004
586,1.5183,20.4947,3.5974,0.0028,0.0008,0.0005,1.4488,27.0633,3.6015,13.3077
588,2.1318,13.0572,3.8045,0.0030,0.0008,0.0006,1.7513,20.7492,3.8089,18.3569
590,1.9248,12.8997,3.2854,0.0017,0.0005,0.0005,1.0997,19.2123,3.2881,17.1146
592,1.7452,20.0236,4.1830,0.0031,0.0006,0.0010,1.6817,27.6382,4.1877,15.1519
594,1.7946,12.3734,3.6589,0.0023,0.0011,0.0009,1.7340,19.5652,3.6632,18.7230
596,2.6794,11.0178,4.0156,0.0024,0.0006,0.0005,1.5347,19.2510,4.0191,20.8774
598,2.7883,10.0533,3.0495,0.0017,0.0004,0.0007,1.1123,17.0062,3.0523,17.9482
600,2.0560,12.0820,4.1145,0.0027,0.0005,0.0007,1.4576,19.7140,4.1184,20.8907
602,1.6708,12.1348,4.0804,0.0024,0.0005,0.0007,1.7722,19.6618,4.0840,20.7712
604,1.6849,11.4412,4.2991,0.0031,0.0009,0.0011,1.7543,19.1846,4.3042,22.4357
606,2.1046,11.4599,3.1595,0.0030,0.0006,0.0006,1.6086,18.3368,3.1637,17.2533
608,1.7784,17.7887,3.4766,0.0028,0.0007,0.0006,1.4131,24.4609,3.4807,14.2296
610,2.1755,11.5299,3.4605,0.0025,0.0007,0.0009,1.5420,18.7120,3.4646,18.5154
612,2.2269,10.3029,4.0154,0.0024,0.0005,0.0005,1.3693,17.9179,4.0188,22.4290
614,2.0765,16.9380,3.7359,0.0028,0.0005,0.0008,1.3853,24.1398,3.7400,15.4931
616,2.2151,12.1892,3.4992,0.0026,0.0006,0.0007,1.4613,19.3687,3.5031,18.0864
618,2.7904,12.7856,3.5911,0.0025,0.0008,0.0010,1.5787,20.7501,3.5954,17.3271
620,2.1885,18.1656,3.4123,0.0026,0.0006,0.0006,1.6719,25.4421,3.4161,13.4270
622,2.0859,20.2750,3.7100,0.0028,0.0006,0.0008,1.4127,27.4878,3.7142,13.5122
624,1.6828,12.2944,3.8061,0.0034,0.0009,0.0010,1.5132,19.3018,3.8114,19.7463
626,1.7618,10.9150,3.3169,0.0030,0.0007,0.0008,1.5166,17.5148,3.3214,18.9634
628,2.7418,21.7810,4.5300,0.0019,0.0006,0.0010,1.5519,30.6082,4.5335,14.8114
630,1.8855,11.4871,3.7109,0.0022,0.0008,0.0006,1.6570,18.7441,3.7145,19.8169
632,2.4909,12.3581,3.4486,0.0030,0.0006,0.0006,1.4690,19.7708,3.4528,17.4641
634,2.0864,21.0373,3.6361,0.0027,0.0008,0.0008,1.7783,28.5424,3.6404,12.7544
636,1.7891,13.3464,3.5536,0.0032,0.0008,0.0005,2.1514,20.8450,3.5581,17.0693
638,1.9734,11.4304,4.1684,0.0026,0.0008,0.0009,1.6006,19.1771,4.1727,21.7588
640,3.2334,33.2223,4.6232,0.0023,0.0007,0.0008,3.5834,44.6661,4.6270,10.3591
642,1.7015,17.9383,3.7623,0.0024,0.0007,0.0007,1.6738,25.0797,3.7661,15.0165
644,2.5339,12.1302,3.8578,0.0023,0.0006,0.0007,1.6207,20.1462,3.8614,19.1669
646,1.8813,11.2059,3.7066,0.0028,0.0007,0.0011,1.5619,18.3603,3.7112,20.2132
648,2.2547,18.5125,3.9538,0.0032,0.0007,0.0007,1.4623,26.1879,3.9584,15.1154
650,2.8086,12.7674,3.5316,0.0026,0.0009,0.0008,1.4702,20.5821,3.5359,17.1795
652,2.4434,11.4322,3.6470,0.0031,0.0009,0.0014,1.7153,19.2433,3.6524,18.9801
654,1.9822,11.6125,3.6721,0.0025,0.0006,0.0008,1.7845,19.0552,3.6760,19.2913
656,2.4238,13.1549,3.4976,0.0024,0.0008,0.0009,1.7168,20.7972,3.5017,16.8374
658,1.8326,10.5425,3.4462,0.0027,0.0009,0.0007,1.7886,17.6142,3.4505,19.5893
660,2.3706,19.3431,3.6308,0.0024,0.0005,0.0007,1.6271,26.9752,3.6344,13.4731
662,2.0747,11.8718,3.5077,0.0025,0.0008,0.0007,1.7155,19.1737,3.5117,18.3152
664,1.9329,12.8695,4.2464,0.0032,0.0008,0.0007,1.4116,20.4651,4.2511,20.7724
666,4.3566,18.0775,3.8287,0.0028,0.0006,0.0008,1.4097,27.6767,3.8329,13.8488
668,2.6293,13.7040,3.4741,0.0027,0.0006,0.0009,1.4210,21.2326,3.4783,16.3819
670,1.8793,12.7622,3.6255,0.0027,0.0007,0.0010,1.7749,20.0463,3.6299,18.1076
672,2.3607,13.5958,4.4336,0.0030,0.0006,0.0007,1.8855,22.2799,4.4379,19.9189
674,1.9033,11.7183,4.6978,0.0054,0.0012,0.0017,2.6982,21.0259,4.7061,22.3824
676,3.0140,22.1512,4.3750,0.0030,0.0010,0.0010,12.9437,42.4889,4.3800,10.3086
678,1.5297,11.3142,3.8839,0.0023,0.0007,0.0007,1.9065,18.6380,3.8876,20.8585
680,1.9542,10.6905,7.4435,0.0034,0.0007,0.0010,1.5774,21.6707,7.4486,34.3718
682,2.1891,11.3651,4.0252,0.0030,0.0007,0.0009,1.4277,19.0117,4.0298,21.1964
684,2.1629,13.2637,5.4258,0.0030,0.0005,0.0008,1.6067,22.4634,5.4301,24.1731
686,2.5088,12.4029,4.1356,0.0044,0.0006,0.0031,1.7167,20.7721,4.1437,19.9484
688,2.0416,12.8604,3.8802,0.0053,0.0007,0.0008,1.6420,20.4310,3.8870,19.0250
690,1.4524,11.5007,3.6811,0.0028,0.0006,0.0007,0.9995,17.6378,3.6852,20.8938
692,1.9846,11.2600,3.5992,0.0029,0.0010,0.0007,1.0634,17.9118,3.6038,20.1197
694,1.8844,11.5299,3.6572,0.0029,0.0006,0.0007,0.9917,18.0674,3.6614,20.2652
696,1.9651,12.2316,3.7755,0.0036,0.0008,0.0007,1.1480,19.1253,3.7806,19.7675
698,1.1815,19.6165,4.7636,0.0031,0.0006,0.0011,1.0201,26.5865,4.7684,17.9354
700,1.8453,13.1500,3.4593,0.0037,0.0007,0.0008,0.9780,19.4378,3.4645,17.8235
702,1.7063,13.8436,3.7432,0.0035,0.0007,0.0010,1.0316,20.3299,3.7484,18.4379
704,2.6078,12.3947,3.4160,0.0028,0.0006,0.0008,0.9432,19.3659,3.4202,17.6609
706,2.1405,13.5909,3.5803,0.0032,0.0010,0.0011,0.9824,20.2994,3.5856,17.6636
708,2.1625,12.2817,3.2239,0.0014,0.0005,0.0004,1.0330,18.7034,3.2262,17.2493
710,2.6979,11.5048,4.2430,0.0030,0.0007,0.0008,0.8476,19.2978,4.2475,22.0103
712,1.9227,12.0854,3.5194,0.0019,0.0005,0.0005,0.9863,18.5167,3.5223,19.0223
714,1.7642,12.4283,3.9689,0.0039,0.0010,0.0010,1.0606,19.2279,3.9748,20.6720
716,2.5891,11.8271,4.8562,0.0035,0.0008,0.0010,1.0614,20.3391,4.8615,23.9022
718,2.5280,19.5181,3.5451,0.0035,0.0008,0.0009,1.1910,26.7874,3.5503,13.2536
720,2.0800,14.6183,3.5477,0.0032,0.0007,0.0006,1.2045,21.4550,3.5522,16.5565
722,1.8918,11.9328,3.7591,0.0027,0.0007,0.0006,1.0219,18.6096,3.7631,20.2213
724,2.4563,10.1477,3.4714,0.0030,0.0008,0.0007,0.9603,17.0402,3.4759,20.3982
726,2.2539,11.9264,4.9731,0.0036,0.0009,0.0009,1.0967,20.2555,4.9785,24.5785
728,1.8869,11.8574,3.6609,0.0033,0.0007,0.0008,1.0190,18.4290,3.6657,19.8909
730,1.8403,11.8967,3.6575,0.0030,0.0009,0.0009,0.9787,18.3780,3.6623,19.9276
732,2.1702,11.7297,3.5700,0.0032,0.0008,0.0008,1.2053,18.6800,3.5748,19.1370
734,1.7918,12.0350,5.3602,0.0031,0.0007,0.0010,1.0750,20.2668,5.3650,26.4719
736,1.7936,13.0927,3.9775,0.0026,0.0007,0.0009,0.9612,19.8292,3.9817,20.0800
738,2.2539,17.4734,3.3984,0.0031,0.0008,0.0009,1.1946,24.3251,3.4032,13.9905
740,4.2946,28.8676,7.0107,0.0027,0.0007,0.0010,1.3505,41.5278,7.0151,16.8925
742,1.7314,13.1883,4.3701,0.0048,0.0013,0.0014,1.7358,21.0331,4.3776,20.8129
744,2.7400,13.8583,4.0581,0.0028,0.0006,0.0007,1.1345,21.7950,4.0622,18.6382
746,1.5570,12.8716,4.5281,0.0036,0.0008,0.0009,1.1479,20.1099,4.5334,22.5431
748,1.7506,12.2399,3.9849,0.0031,0.0007,0.0008,1.0881,19.0681,3.9895,20.9224
750,2.8232,13.0037,3.5400,0.0028,0.0006,0.0006,1.3436,20.7145,3.5440,17.1088
752,2.1856,13.6537,3.7666,0.0038,0.0008,0.0009,1.1933,20.8047,3.7721,18.1310
754,2.2761,13.0613,4.2569,0.0026,0.0007,0.0007,1.0745,20.6728,4.2609,20.6111
770,1.9997,15.0500,7.5393,0.0029,0.0007,0.0008,1.2567,25.8501,7.5437,29.1825
772,2.1499,12.9303,7.9744,0.0033,0.0009,0.0007,1.4992,24.5587,7.9793,32.4907
774,2.2734,13.0280,7.7074,0.0025,0.0009,0.0011,1.1369,24.1502,7.7119,31.9331
776,2.4269,18.8724,7.3574,0.0035,0.0006,0.0008,1.3070,29.9686,7.3623,24.5667
778,2.5461,16.6789,7.5923,0.0027,0.0007,0.0007,1.0380,27.8594,7.5964,27.2669
780,2.3665,14.0500,6.7925,0.0029,0.0009,0.0010,1.0211,24.2349,6.7973,28.0476
782,2.4251,11.0053,7.1866,0.0028,0.0007,0.0008,1.0170,21.6383,7.1909,33.2323
788,2.2238,13.1468,6.9417,0.0042,0.0010,0.0009,1.2222,23.5406,6.9478,29.5141
792,2.7871,11.7354,4.2207,0.0031,0.0008,0.0008,0.8244,19.5723,4.2254,21.5887
794,1.9530,11.6229,8.4857,0.6791,0.1380,0.0870,1.1465,24.1122,9.3898,38.9421
796,2.1676,11.4039,6.2564,0.6019,0.1438,0.0901,1.0197,21.6834,7.0922,32.7080
798,2.1240,26.1159,5.5050,0.5670,0.2650,0.1174,1.2675,35.9618,6.4544,17.9479
800,3.0246,13.4801,5.0276,0.6606,0.2342,0.0966,1.0948,23.6185,6.0190,25.4843
802,1.9328,10.7853,5.0502,0.5965,0.1553,0.0957,1.0569,19.6727,5.8977,29.9791
804,1.6437,21.0364,5.2484,0.5851,0.1372,0.0917,1.1683,29.9108,6.0624,20.2683
806,2.2524,14.3952,5.1195,0.5670,0.2359,0.0903,1.0662,23.7265,6.0127,25.3417
808,2.2503,13.2641,5.1142,0.7025,0.1694,0.0990,1.1279,22.7274,6.0851,26.7743
810,2.0887,13.5852,5.5990,0.8081,0.2106,0.1452,1.0655,23.5023,6.7629,28.7755
812,2.5831,26.6032,5.9990,0.6202,0.1508,0.0998,0.9987,37.0548,6.8698,18.5396
814,1.6134,13.1447,5.2244,0.6146,0.1385,0.0896,0.9784,21.8036,6.0671,27.8261
816,2.3232,12.8915,5.2158,0.7987,0.1416,0.0964,0.9763,22.4435,6.2525,27.8588
818,2.0028,11.1639,5.2087,0.5671,0.2077,0.0935,1.1072,20.3509,6.0770,29.8611
820,2.2710,13.1695,5.1935,0.5566,0.1960,0.0935,0.9859,22.4660,6.0396,26.8833
822,2.1347,12.5961,6.6438,0.5659,0.2270,0.0906,1.0136,23.2717,7.5273,32.3453
824,3.3310,13.6366,5.1251,0.5772,0.1377,0.0903,0.9506,23.8485,5.9303,24.8666
826,2.0082,24.1051,5.5326,0.5617,0.1482,0.0913,0.9855,33.4326,6.3338,18.9450
828,1.9933,12.2312,4.9302,0.5127,0.1366,0.0879,0.8633,20.7552,5.6674,27.3059
830,2.0048,13.1118,5.1200,0.6018,0.1499,0.0910,0.9084,21.9877,5.9627,27.1183
832,2.2093,29.9730,5.3321,0.7059,0.1558,0.0937,0.8634,39.3332,6.2875,15.9852
834,2.1142,18.9710,5.0327,0.6582,0.1853,0.1123,0.9888,28.0625,5.9885,21.3399
836,2.0709,14.7610,6.4570,0.5981,0.2237,0.0980,1.1715,25.3802,7.3768,29.0652
838,2.0586,10.3597,5.5775,0.7529,0.3574,0.1215,1.0559,20.2835,6.8093,33.5706
840,2.5133,13.6776,5.1897,0.7721,0.1359,0.0857,1.1247,23.4990,6.1834,26.3135
842,2.8179,20.7313,5.7974,0.5752,0.2408,0.0924,1.1691,31.4241,6.7058,21.3397
844,2.3135,16.2012,5.0464,0.5814,0.7020,0.0936,1.1395,26.0776,6.4234,24.6319
846,1.9541,13.2584,5.1605,0.6502,0.1416,0.0928,0.9560,22.2136,6.0451,27.2135
848,1.6756,19.5146,5.5379,0.6228,0.2306,0.0941,1.0307,28.7063,6.4854,22.5923
850,2.4918,14.8461,5.0515,0.5376,0.1422,0.0911,0.9797,24.1400,5.8224,24.1193
852,2.2339,13.6573,5.6894,0.5826,0.1426,0.0930,1.0582,23.4570,6.5076,27.7427
854,1.8068,14.4073,5.1366,0.5707,0.2172,0.0910,1.0808,23.3104,6.0155,25.8061
856,2.3915,13.4669,6.1015,0.6688,0.1417,0.0924,1.0751,23.9379,7.0044,29.2607
858,2.1420,20.6869,4.5051,0.4777,0.1073,0.0673,1.0597,29.0460,5.1574,17.7560
860,1.7088,13.7949,5.3559,0.7472,0.1335,0.0850,1.0150,22.8403,6.3216,27.6774
862,2.2652,12.7805,5.3775,0.5944,0.1391,0.0914,1.0378,22.2859,6.2024,27.8311
864,2.1458,10.6513,4.9816,0.5555,0.2315,0.0904,0.9445,19.6006,5.8590,29.8919
866,2.0197,21.3950,5.1811,0.5838,0.1916,0.1132,1.0400,30.5244,6.0697,19.8847
868,2.1784,14.5209,5.1666,0.5845,0.1402,0.0923,0.9645,23.6474,5.9836,25.3034
870,1.8850,12.8292,5.1152,0.7212,0.2510,0.1161,1.0148,21.9325,6.2035,28.2845
872,1.9196,15.5492,5.3079,0.5738,0.1384,0.0928,1.0334,24.6151,6.1129,24.8339
874,1.6849,12.6544,4.9660,0.5940,0.1500,0.0919,0.9207,21.0619,5.8019,27.5469
876,2.5840,22.8329,8.1069,0.6600,0.1470,0.0897,1.0135,35.4340,9.0036,25.4095
878,2.3733,16.7339,5.1817,0.5659,0.1436,0.0937,0.9612,26.0533,5.9849,22.9718
880,2.1635,10.4986,4.6106,0.6385,0.1403,0.0924,1.0019,19.1458,5.4818,28.6319
882,1.6646,10.8320,5.3192,0.5965,0.1403,0.0905,0.8532,19.4963,6.1465,31.5265
884,1.9883,12.9452,5.7253,0.6450,0.1413,0.0922,1.7943,23.3316,6.6038,28.3041
886,1.9022,21.9237,5.0704,0.5753,0.2543,0.1207,1.0558,30.9024,6.0207,19.4830
888,2.5906,18.9003,4.8986,0.5697,0.1389,0.0888,0.9668,28.1537,5.6960,20.2318
890,1.8755,13.1676,5.1970,0.5807,0.2219,0.0898,1.0248,22.1573,6.0894,27.4826
892,2.0149,14.3128,4.8940,0.5904,0.1614,0.0917,1.2190,23.2842,5.7375,24.6412
894,2.3877,12.1772,4.8682,0.6886,0.1536,0.0934,1.7097,22.0784,5.8038,26.2872
896,1.8281,13.2751,5.2868,0.5957,0.1386,0.0884,1.0809,22.2936,6.1095,27.4047
898,1.7169,13.9943,4.4282,0.0091,0.0007,0.0008,1.0384,21.1884,4.4388,20.9492
900,2.2439,13.6718,8.5357,0.5702,0.1755,0.0942,1.0362,26.3275,9.3756,35.6114
902,2.7307,13.2278,6.2247,0.5771,0.2520,0.1081,1.3188,24.4392,7.1619,29.3050
904,1.7898,11.6425,5.0290,0.5891,0.1446,0.0928,1.2460,20.5338,5.8555,28.5164
906,1.9739,22.2746,5.1489,0.8331,0.1930,0.1639,1.3642,31.9516,6.3389,19.8391
908,2.0052,14.1146,4.8828,0.5756,0.1711,0.0905,1.0101,22.8499,5.7200,25.0329
910,3.0567,13.1985,5.5624,0.5741,0.1413,0.0902,1.0090,23.6322,6.3680,26.9463
912,1.8535,22.3806,5.2704,0.7622,0.2082,0.0954,0.9553,31.5256,6.3362,20.0986
914,2.4587,15.7082,5.7383,0.5536,0.2327,0.0936,1.1143,25.8994,6.6182,25.5535
916,2.4667,13.6624,5.0283,0.5776,0.1580,0.0903,0.9528,22.9361,5.8542,25.5240
918,1.9207,14.7617,4.8972,0.5825,0.1406,0.0909,0.9352,23.3288,5.7112,24.4813
920,2.2274,11.4902,5.3819,0.5901,0.2308,0.0912,0.8880,20.8996,6.2940,30.1154
922,2.7701,13.8432,4.6297,0.5201,0.1323,0.0876,1.1623,23.1453,5.3697,23.2000
924,2.0274,12.0318,5.1237,0.5791,0.1343,0.0924,0.8770,20.8657,5.9295,28.4175
926,1.9385,26.1056,5.4832,0.5622,0.2350,0.0912,0.9696,35.3853,6.3716,18.0063
928,1.9177,12.0794,5.3424,0.6982,0.1386,0.0914,0.9868,21.2545,6.2706,29.5025
930,1.8074,10.3623,5.4120,0.6616,0.1631,0.0989,0.8856,19.3909,6.3356,32.6731
932,1.5296,18.3384,10.0803,0.8407,0.2012,0.1392,1.2863,32.4157,11.2614,34.7406
934,1.6995,16.2030,6.0013,0.6421,0.2626,0.0995,1.1395,26.0475,7.0055,26.8951
936,1.8088,13.5140,6.7008,0.8845,0.4179,0.4118,1.5840,25.3218,8.4150,33.2322
938,1.6299,18.5957,5.7856,0.6313,0.1605,0.0919,0.9561,27.8510,6.6693,23.9464
940,4.1211,13.7272,5.1519,0.5602,0.1410,0.0902,1.0404,24.8320,5.9433,23.9340
942,2.1692,12.8978,5.1117,0.4588,0.1063,0.0631,0.6512,21.4581,5.7399,26.7493
944,2.0799,13.5802,5.2798,0.6259,0.1414,0.0898,0.9559,22.7529,6.1369,26.9719
946,1.8297,12.4775,6.5513,0.6284,0.2899,0.1183,1.0108,22.9059,7.5879,33.1264
948,1.9230,14.4932,5.0972,0.8203,0.1392,0.0886,0.9147,23.4762,6.1453,26.1767
950,2.2582,9.6481,5.3352,0.5680,0.1392,0.0906,0.9164,18.9557,6.1330,32.3544
952,1.9966,20.7548,5.6650,0.5871,0.1550,0.0920,0.9935,30.2440,6.4991,21.4889
954,2.2195,11.3311,5.2360,0.6865,0.2157,0.0916,0.9535,20.7339,6.2298,30.0464
956,1.9108,10.7849,5.3595,0.5737,0.1387,0.0912,0.9571,19.8159,6.1631,31.1018
958,1.8653,30.1814,5.0331,0.6179,0.1354,0.0908,0.8946,38.8185,5.8772,15.1402
960,1.5776,12.9989,5.3283,0.6688,0.1494,0.0947,1.0199,21.8376,6.2412,28.5801
962,1.7518,17.2142,4.9940,0.6282,0.2351,0.0918,0.9145,25.8296,5.9491,23.0321
964,1.8823,12.5762,5.1657,0.5793,0.2276,0.0902,0.9589,21.4802,6.0628,28.2251
966,5.2065,21.8163,5.4467,0.6125,0.1833,0.0959,0.9330,34.2942,6.3384,18.4824
968,2.7193,18.4491,6.8561,0.9937,0.2153,0.1140,2.3216,31.6691,8.1791,25.8268
970,1.9311,11.4373,4.9663,0.5895,0.1390,0.0914,0.9251,20.0797,5.7862,28.8162
972,2.1363,12.8353,5.2007,0.6611,0.2732,0.0917,1.0378,22.2361,6.2267,28.0027
974,2.6004,10.2196,5.2366,0.5798,0.1809,0.0922,0.9878,19.8973,6.0895,30.6047
976,1.8756,13.4000,4.9849,0.5626,0.2358,0.0891,1.0159,22.1639,5.8724,26.4953
978,2.0907,18.2265,5.0822,0.5755,0.1818,0.0987,1.0101,27.2655,5.9382,21.7792
980,1.7067,11.8090,5.5811,0.5942,0.1451,0.0923,0.9079,20.8363,6.4127,30.7766
982,1.8390,36.7462,7.5324,1.2162,0.2243,0.1213,7.1568,54.8362,9.0942,16.5843
984,1.0107,22.7333,6.2007,0.5815,0.2092,0.0930,1.0608,31.8892,7.0844,22.2157
986,2.1372,13.0591,8.6769,0.5953,0.1368,0.0923,1.1026,25.8002,9.5013,36.8265
988,2.2463,12.3993,5.2727,0.5603,0.1389,0.0909,1.0386,21.7470,6.0628,27.8788
990,2.4467,13.7541,5.3531,0.8114,0.1373,0.0848,0.9714,23.5588,6.3866,27.1092
992,2.1135,21.1380,5.4229,1.0017,0.3188,0.1216,1.1311,31.2476,6.8650,21.9697
994,2.2620,18.5850,5.6456,0.5751,0.2154,0.0894,0.8992,28.2717,6.5255,23.0814
996,1.9169,12.8508,5.0442,0.6441,0.1413,0.0922,0.9855,21.6750,5.9218,27.3209
998,2.3515,10.4228,5.6021,0.5798,0.1389,0.0899,0.9030,20.0880,6.4107,31.9131
1000,1.9690,11.7914,5.1082,0.5553,0.1485,0.0921,1.0443,20.7088,5.9041,28.5101
1002,2.0536,12.2979,5.8638,0.6113,0.1395,0.0905,0.9559,22.0125,6.7051,30.4604
1004,2.3040,12.9440,4.8984,0.5713,0.1360,0.0904,1.0179,21.9620,5.6961,25.9362
1006,2.2159,16.0285,5.0304,0.7010,0.2083,0.1407,0.8926,25.2174,6.0804,24.1119
1008,1.6956,14.2129,5.1451,0.5723,0.1388,0.0903,1.0412,22.8962,5.9465,25.9716
1010,2.1566,11.3960,5.2734,0.6014,0.2186,0.0914,0.9278,20.6652,6.1848,29.9286
1012,1.6580,19.8347,8.8328,0.6011,0.1579,0.1034,1.0578,32.2457,9.6952,30.0666
1014,1.9805,12.7293,5.9837,0.5857,0.1406,0.0911,0.8845,22.3954,6.8011,30.3683
1016,2.2811,13.4282,5.0027,0.6112,0.1529,0.0961,0.9291,22.5013,5.8629,26.0558
1018,1.7781,20.4255,5.0336,0.5672,0.1397,0.0899,1.0710,29.1050,5.8304,20.0323
1020,2.1719,12.3013,5.1460,0.5945,0.2344,0.0912,1.0029,21.5422,6.0661,28.1591
1022,2.0122,11.5272,4.9743,0.5753,0.1378,0.0905,0.8537,20.1710,5.7779,28.6446
1024,2.2122,18.6578,5.2432,0.5638,0.1637,0.1368,1.1386,28.1161,6.1075,21.7224
1026,2.6771,13.5262,4.8379,0.5778,0.1401,0.0914,1.1001,22.9506,5.6472,24.6059
1028,1.8340,12.2766,5.8052,0.5527,0.1373,0.0923,1.0500,21.7481,6.5875,30.2900
1030,0.9131,18.9135,5.1066,0.5772,0.2286,0.1140,1.0518,26.9048,6.0264,22.3990
1032,2.1671,15.1079,5.1827,0.6327,0.1387,0.0910,0.9767,24.2968,6.0451,24.8802
1034,1.9634,13.0101,5.9315,0.5699,0.1375,0.0921,1.0243,22.7288,6.7310,29.6144
1036,2.2396,14.4496,5.5097,0.6480,0.2113,0.0926,1.1327,24.2835,6.4616,26.6090
1038,1.7896,12.4451,5.8399,0.6115,0.1403,0.0911,1.1613,22.0788,6.6828,30.2679
1040,1.8335,12.1668,8.3701,0.6482,0.1386,0.0910,1.1354,24.3836,9.2479,37.9267
1042,1.7313,14.4003,5.4839,0.5638,0.1399,0.0973,1.3123,23.7288,6.2849,26.4864
1044,1.7262,16.7097,5.0569,0.5946,0.1381,0.0926,1.5129,25.8310,5.8822,22.7719
1046,2.3519,10.8939,6.4752,0.5332,0.1327,0.0877,1.1067,21.5813,7.2288,33.4957
1048,1.7792,20.2476,5.6580,0.5997,0.1839,0.1110,1.1214,29.7008,6.5526,22.0620
1050,2.2660,13.1577,4.8480,0.4442,0.1080,0.0628,0.7655,21.6522,5.4630,25.2307
1052,1.8269,9.9708,5.0062,0.5646,0.1855,0.0903,0.9356,18.5799,5.8466,31.4673
1054,1.8218,17.3860,5.3488,0.6567,0.2313,0.0922,1.1322,26.6690,6.3290,23.7317
1056,2.4545,14.0755,5.4054,0.5641,0.1366,0.0886,0.9878,23.7125,6.1947,26.1242
1058,2.5097,11.8435,4.9632,0.5807,0.2783,0.0950,1.5117,21.7821,5.9172,27.1654
1060,2.1462,11.7704,5.3765,0.6078,0.2422,0.0922,1.4367,21.6720,6.3187,29.1561
1062,1.9990,11.1433,5.5786,0.5884,0.2255,0.0940,1.4379,21.0667,6.4865,30.7903
1064,1.7116,30.3205,5.7617,0.6780,0.2042,0.2433,1.5757,40.4950,6.8872,17.0075
1066,2.3459,19.6207,4.9320,0.6547,0.1674,0.0918,1.7825,29.5950,5.8459,19.7530
1068,1.6734,13.8813,5.5308,0.5695,0.1817,0.0907,1.4066,23.3340,6.3727,27.3108
1070,2.2158,12.6332,5.2822,0.6356,0.2252,0.0907,2.6367,23.7194,6.2337,26.2810
1072,1.7627,20.1045,4.9098,0.8784,0.1487,0.0966,1.0646,28.9653,6.0335,20.8301
1074,2.7306,13.6735,4.9340,0.6843,0.2322,0.0910,1.4433,23.7889,5.9415,24.9759
1076,1.8502,13.3668,4.9821,0.6732,0.1400,0.0925,0.9294,22.0342,5.8878,26.7212
1078,2.0267,13.1229,4.2847,0.0080,0.0006,0.0008,0.9234,20.3671,4.2941,21.0835
1080,2.1881,13.3242,8.1935,0.8203,0.1399,0.0921,0.9806,25.7387,9.2458,35.9218
1082,1.7017,19.2652,5.1318,0.8477,0.1982,0.0915,0.9463,28.1824,6.2692,22.2451
1084,1.9187,15.9985,5.2039,0.5407,0.1870,0.1101,1.0645,25.0234,6.0417,24.1442
1086,2.0606,14.2025,5.0865,0.6019,0.1392,0.0878,1.1769,23.3554,5.9154,25.3278
1088,2.3978,14.1357,4.9546,0.7356,0.1493,0.0847,0.9447,23.4024,5.9242,25.3145
1090,2.3699,13.6610,5.2808,0.7625,0.1381,0.1013,1.0125,23.3261,6.2827,26.9342
1092,2.1714,12.1844,5.6215,0.5763,0.1645,0.0961,1.0459,21.8601,6.4584,29.5442
1094,1.8266,13.9206,5.3544,0.5714,0.1768,0.0911,1.0414,22.9823,6.1937,26.9499
1096,2.0666,14.1665,7.7960,0.5631,0.1471,0.0979,0.9977,25.8349,8.6041,33.3042
1098,1.6338,12.5434,5.5800,0.5404,0.2319,0.0899,1.0310,21.6504,6.4422,29.7556
1100,1.8963,12.3316,5.8480,0.5890,0.1420,0.0906,0.9229,21.8204,6.6696,30.5659
1102,2.2179,19.6256,5.3900,0.6550,0.1381,0.0918,1.0231,29.1415,6.2749,21.5325
1104,1.9193,14.3410,6.7168,0.6224,0.1543,0.1090,0.9751,24.8379,7.6025,30.6085
1106,1.4721,13.5142,5.2704,0.5666,0.2314,0.0920,0.9236,22.0703,6.1604,27.9126
1108,1.9509,13.4016,4.1028,0.5359,0.1227,0.0657,0.7825,20.9621,4.8271,23.0278
1110,2.1831,15.1155,5.1444,0.6571,0.1904,0.1278,0.9272,24.3455,6.1197,25.1369
1112,1.9296,14.2729,5.1356,0.5866,0.1392,0.0909,1.1360,23.2908,5.9523,25.5564
1114,2.2633,13.0655,5.6069,0.7058,0.1390,0.0901,1.0097,22.8803,6.5418,28.5914
1116,2.3908,12.9782,5.1170,0.6523,0.2317,0.0920,1.0245,22.4865,6.0930,27.0963
1118,2.7106,19.6050,5.4179,0.5954,0.2232,0.0924,1.0038,29.6483,6.3289,21.3466
1120,1.7508,12.9967,5.2939,0.5777,0.2142,0.0918,0.9791,21.9042,6.1776,28.2028
1122,2.7580,13.1743,5.1703,0.6492,0.2323,0.0903,0.9154,22.9898,6.1421,26.7166
1124,2.1418,19.9113,5.2045,0.5819,0.1430,0.0994,1.0213,29.1032,6.0288,20.7152
1126,1.8568,13.4204,5.2079,0.8321,0.1421,0.0854,1.1233,22.6680,6.2675,27.6491
1128,2.1003,12.7603,5.3026,0.5689,0.1633,0.0899,0.9128,21.8981,6.1247,27.9691
1130,2.3695,13.2338,4.8067,0.6725,0.2720,0.0991,0.9999,22.4535,5.8503,26.0552
1132,2.5436,9.2894,5.7460,1.0339,0.1732,0.1132,1.5363,20.4356,7.0663,34.5784
1134,1.6151,12.1888,5.1699,0.5775,0.1429,0.0889,0.9754,20.7585,5.9792,28.8036
1136,2.7124,18.7548,4.4823,0.0074,0.0008,0.0010,1.1965,27.1552,4.4915,16.5401
1138,1.8290,13.8797,7.7451,0.6245,0.1666,0.1089,1.1911,25.5449,8.6451,33.8428
1140,2.0056,11.5703,5.0846,0.5489,0.1405,0.0911,0.9252,20.3662,5.8651,28.7982
1142,2.0342,14.0598,4.8603,0.6256,0.1694,0.0991,1.1174,22.9658,5.7544,25.0564
1144,2.2333,18.4919,5.5670,0.5668,0.1438,0.0950,0.9672,28.0650,6.3726,22.7066
1146,2.2186,13.6857,5.1193,0.5907,0.4604,0.1166,1.1136,23.3049,6.2870,26.9772
1148,2.5215,13.4870,4.9032,0.5784,0.1420,0.0923,0.9892,22.7136,5.7159,25.1651
1150,2.6103,12.4911,8.3386,0.7499,0.1388,0.0928,1.1751,25.5966,9.3201,36.4115
1152,2.5121,12.9521,5.3733,0.5612,0.2322,0.0886,0.9761,22.6956,6.2553,27.5617
1154,2.0535,12.3046,5.1826,0.5587,0.2215,0.0898,1.0128,21.4235,6.0526,28.2522
1156,2.4586,10.2477,5.3266,0.6256,0.1422,0.0906,0.9406,19.8319,6.1850,31.1871
1158,1.8689,19.4027,4.9578,0.5442,0.2356,0.0893,1.1736,28.2721,5.8269,20.6101
1160,2.3386,14.1681,5.4363,0.5659,0.1400,0.1022,1.2405,23.9916,6.2444,26.0274
1162,2.3038,13.6189,5.3334,0.5725,0.2185,0.0959,1.5797,23.7227,6.2203,26.2209
1164,1.8401,15.6936,5.0918,0.5795,0.2807,0.0955,1.2368,24.8180,6.0475,24.3674
1166,2.2707,12.0436,5.3119,0.7055,0.1464,0.1176,1.1453,21.7410,6.2814,28.8920
1168,2.1440,12.3347,5.4986,0.5857,0.1828,0.0913,1.1480,21.9851,6.3584,28.9214
1170,2.3278,14.4980,5.3113,0.5660,0.1379,0.0893,0.9549,23.8852,6.1045,25.5577
1172,1.9177,15.1508,5.2965,0.5749,0.1415,0.0912,0.9686,24.1412,6.1041,25.2850
1174,1.8563,11.4407,5.3111,0.5922,0.1374,0.1135,1.0810,20.5322,6.1542,29.9734
1176,1.5116,13.0769,5.6122,0.5533,0.2475,0.0918,1.0413,22.1346,6.5048,29.3875
1178,1.8380,17.6836,5.0533,0.6178,0.1527,0.1121,1.3679,26.8254,5.9359,22.1279
1180,2.3511,12.1115,4.9888,0.6247,0.1530,0.0971,1.0667,21.3929,5.8636,27.4091
1182,1.8663,13.3998,5.0979,0.6549,0.1552,0.0986,0.9578,22.2305,6.0066,27.0196
1184,2.0368,12.1759,7.0193,0.6373,0.2464,0.1380,1.2527,23.5064,8.0410,34.2077
1186,2.0829,12.2042,5.7525,0.5859,0.1504,0.0926,0.9337,21.8022,6.5814,30.1869
1188,3.0132,11.0036,4.8692,0.5655,0.1369,0.0903,0.9337,20.6124,5.6619,27.4684
1190,1.5778,14.8394,5.0035,0.6090,0.2480,0.0938,1.5917,23.9632,5.9543,24.8477
1192,1.8050,13.4726,5.0153,0.6040,0.1403,0.0899,1.3579,22.4850,5.8495,26.0151
1194,2.2310,20.9930,4.9149,0.5566,0.1411,0.0894,1.4459,30.3719,5.7020,18.7739
1196,1.8379,12.6702,5.1771,0.5716,0.1407,0.0899,0.9793,21.4667,5.9793,27.8538
1198,2.0688,13.7683,5.3706,0.6713,0.2655,0.1088,1.8130,24.0663,6.4162,26.6605
1200,1.9593,12.2463,5.2971,0.6582,0.2117,0.0929,0.8551,21.3206,6.2599,29.3608
1202,2.2496,10.1304,5.1045,0.6648,0.1691,0.1007,0.8741,19.2932,6.0391,31.3017
1204,1.9017,12.4500,5.3309,1.8139,0.2300,0.2356,1.3619,23.3240,7.6104,32.6291
1206,1.9233,8.8201,8.1574,0.9480,0.1416,0.0896,1.1590,21.2390,9.3366,43.9597
1208,2.2417,9.0975,4.9589,0.5759,0.1374,0.0922,1.1917,18.2953,5.7644,31.5075
1210,2.3427,13.0467,5.0594,0.6406,0.2312,0.0896,1.0026,22.4128,6.0208,26.8632
1212,1.6965,10.7725,5.2744,0.6501,0.1797,0.0978,0.9635,19.6345,6.2020,31.5873
1214,2.0251,13.2238,5.7889,0.5813,0.1844,0.0896,0.9258,22.8189,6.6442,29.1171
1216,1.8070,10.9201,5.0537,0.5608,0.2445,0.0949,1.0112,19.6922,5.9539,30.2348
1218,2.1240,24.4603,5.5550,0.6285,0.2120,0.0928,1.1783,34.2509,6.4883,18.9434
1220,1.7727,13.3819,5.0064,0.6482,0.1422,0.0912,0.9937,22.0363,5.8880,26.7195
1222,2.0821,12.7552,4.9666,0.8076,0.1339,0.0842,1.0580,21.8876,5.9923,27.3776
1224,2.7878,11.8632,5.2291,0.4645,0.1084,0.0946,0.9792,21.5268,5.8966,27.3919
1226,2.5140,12.3016,5.6237,0.5790,0.1400,0.0920,1.0413,22.2916,6.4347,28.8660
1228,1.9059,12.1231,4.4909,0.5800,0.2253,0.0925,1.0510,20.4687,5.3887,26.3265
1230,1.9377,12.6523,5.0509,0.6046,0.1502,0.0898,1.0225,21.5080,5.8955,27.4107
1232,2.0984,12.0018,5.4184,0.8131,0.1605,0.0880,1.3943,21.9745,6.4800,29.4887
1234,1.6755,16.5409,5.0959,0.7259,0.1400,0.0682,1.0457,25.2921,6.0300,23.8414
1236,3.0107,12.9407,4.7989,0.5786,0.2116,0.0920,0.9119,22.5444,5.6811,25.1996
1238,2.4640,13.0316,5.6602,0.5872,0.2150,0.0959,0.9798,23.0337,6.5583,28.4726
1240,1.9552,10.7795,6.0749,0.5793,0.2351,0.0910,1.0149,20.7299,6.9803,33.6726
1242,1.9070,11.9343,5.8212,0.8456,0.1373,0.0854,1.4877,22.2185,6.8895,31.0079
1244,1.9240,11.6407,5.3910,0.6189,0.2374,0.0918,1.2863,21.1901,6.3391,29.9154
1246,1.6110,13.3338,5.1688,0.6619,0.1359,0.0923,0.9680,21.9717,6.0589,27.5759
1248,2.1874,12.6558,5.1083,0.7308,0.1350,0.0848,0.9944,21.8965,6.0589,27.6706
1250,1.9870,17.9598,5.9753,0.7775,0.3114,0.1267,2.2456,29.3833,7.1909,24.4727
1252,1.9111,11.0629,4.7802,0.6517,0.1498,0.0928,0.9769,19.6254,5.6745,28.9141
1254,2.1151,11.8630,5.5635,0.5777,0.5723,0.1213,1.0998,21.9127,6.8348,31.1910
1256,2.3788,17.0570,5.0298,0.5641,0.1369,0.0912,0.9892,26.2470,5.8220,22.1816
1258,1.8866,12.3836,5.3377,0.5733,0.1389,0.0910,1.1384,21.5495,6.1409,28.4967
1260,2.8326,12.6284,8.4907,0.5765,0.2015,0.0919,1.1861,26.0077,9.3606,35.9916
1262,2.2628,13.1870,4.9608,0.5504,0.1387,0.0908,0.9876,22.1781,5.7407,25.8845
1264,2.4951,12.5462,5.0686,0.5800,0.1570,0.0923,1.1739,22.1131,5.8979,26.6715
1266,1.8336,11.1863,4.8395,0.6488,0.1544,0.0986,1.1528,19.9140,5.7413,28.8305
1268,2.1029,11.9560,5.1565,0.5680,0.1383,0.0914,1.1712,21.1843,5.9542,28.1067
1270,2.5982,12.2265,5.7230,1.0177,0.3007,0.1313,1.2626,23.2600,7.1727,30.8371
1272,1.7318,17.4395,4.9304,0.7675,0.1381,0.1011,0.9622,26.0706,5.9371,22.7732
1274,2.3728,12.5933,5.0944,0.5753,0.1736,0.0916,0.9502,21.8512,5.9349,27.1605
1276,1.9573,12.5512,5.2852,0.5815,0.1544,0.0885,0.9156,21.5337,6.1096,28.3723
1278,1.8635,13.7339,5.2430,0.5865,0.1382,0.0903,0.9856,22.6410,6.0580,26.7568
1280,2.0039,12.9638,5.1318,0.6638,0.1545,0.0935,1.0685,22.0798,6.0436,27.3716
1282,2.0587,13.2357,5.0390,0.5723,0.2200,0.0920,0.9574,22.1751,5.9233,26.7115
1284,1.9721,15.8999,4.9014,0.5704,0.1400,0.0900,0.9987,24.5725,5.7018,23.2040
1286,2.2874,11.5987,5.2335,0.6540,0.1412,0.0913,0.9756,20.9817,6.1200,29.1683
1288,2.3668,12.7705,5.1955,0.7301,0.2337,0.0935,0.8833,22.2734,6.2528,28.0729
1290,1.7585,14.0273,5.1863,0.5725,0.2011,0.0908,1.0333,22.8698,6.0507,26.4572
1292,3.7977,12.2670,5.1905,0.6209,0.1605,0.1176,0.9821,23.1363,6.0895,26.3201
1294,1.8265,11.6223,5.0622,0.5620,0.2145,0.0887,0.9726,20.3488,5.9274,29.1290
1296,2.3793,11.6708,5.0958,0.6065,0.1335,0.0822,1.0282,20.9963,5.9180,28.1859
1298,2.2414,19.3076,5.0495,0.7627,0.2258,0.0954,1.0988,28.7812,6.1334,21.3104
1300,1.7305,12.9819,5.7071,0.6169,0.1397,0.0940,1.1293,22.3994,6.5577,29.2762
1302,1.8987,12.7927,5.1583,0.8614,0.2503,0.1106,1.0228,22.0948,6.3806,28.8783
1304,2.0518,15.7223,6.4104,0.6012,0.2404,0.0930,1.1258,26.2449,7.3450,27.9864
1306,2.2428,12.6238,5.9172,0.6328,0.1413,0.0899,1.0218,22.6696,6.7812,29.9132
1308,2.4970,18.0509,8.1474,0.7338,0.5853,0.1675,4.3293,34.5112,9.6340,27.9156
1310,2.4375,11.6133,5.0869,0.8725,0.2442,0.1204,1.0152,21.3900,6.3240,29.5652
1312,2.4731,11.5128,5.2949,0.5063,0.1885,0.1006,0.8918,20.9680,6.0903,29.0457
1314,2.4575,13.7412,8.9704,0.5946,0.1459,0.0893,1.0576,27.0565,9.8002,36.2212
1316,2.8596,15.9018,5.3294,0.7014,0.2142,0.0874,0.9362,26.0300,6.3324,24.3273
1318,5.2550,12.0308,4.9942,0.5767,0.1371,0.0905,0.9130,23.9973,5.7985,24.1631
1320,1.7602,13.2442,4.8613,0.5081,0.1355,0.0849,0.9438,21.5380,5.5898,25.9532
1322,2.1415,12.1623,5.4239,0.5253,0.1340,0.0858,1.1555,21.6283,6.1690,28.5228
1324,1.9546,18.0294,5.5950,0.7590,0.1351,0.0847,0.8963,27.4541,6.5738,23.9447
1326,2.2043,12.3702,5.2648,0.5736,0.1431,0.0883,1.0025,21.6468,6.0698,28.0402
1328,1.8967,13.5621,5.2504,0.5645,0.1366,0.0918,0.9077,22.4098,6.0433,26.9672
1330,1.7970,10.1546,6.7362,0.5959,0.1391,0.0891,0.9541,20.4660,7.5603,36.9408
1332,2.4922,12.9224,5.1855,0.6384,0.1331,0.0846,1.0110,22.4672,6.0416,26.8908
1334,1.7359,12.4028,4.8798,0.9620,0.1526,0.0916,1.0155,21.2402,6.0860,28.6532
1336,2.4864,19.9504,5.4938,0.5697,0.2376,0.0896,1.0667,29.8942,6.3907,21.3777
1338,1.9693,14.0837,5.6536,0.5974,0.1425,0.0883,0.9606,23.4954,6.4818,27.5875
1340,2.2719,12.9370,5.5542,0.5913,0.1409,0.0920,0.9750,22.5623,6.3784,28.2702
1342,1.8916,20.8608,5.0004,0.5481,0.1361,0.0919,0.9714,29.5003,5.7765,19.5812
1344,2.0039,12.9230,5.9216,0.8374,0.2198,0.1264,1.7616,23.7937,7.1052,29.8617
1346,2.4855,12.8669,5.1450,0.6519,0.1855,0.0956,0.9834,22.4138,6.0780,27.1172
1348,2.4668,10.5629,4.8533,0.5993,0.1384,0.1079,1.0194,19.7480,5.6989,28.8581
1350,1.8385,19.9340,5.3280,0.6195,0.2336,0.0901,1.0085,29.0522,6.2712,21.5860
1352,2.3357,12.8377,5.2496,0.5730,0.2240,0.0912,1.1328,22.4440,6.1378,27.3472
1354,1.7998,10.8199,5.3019,0.6390,0.1381,0.0888,0.9568,19.7443,6.1678,31.2384
1356,1.5593,20.5070,5.0365,0.6024,0.1367,0.0907,1.3004,29.2330,5.8663,20.0674
1358,1.9432,15.2274,4.5960,0.5057,0.1073,0.0639,0.9114,23.3549,5.2729,22.5773
1360,2.3572,10.3207,5.0679,0.6075,0.1357,0.0986,1.0599,19.6475,5.9097,30.0786
1362,1.9744,17.5897,5.2036,0.6307,0.2580,0.0935,1.0271,26.7770,6.1858,23.1012
1364,1.7329,13.5767,5.2361,1.0103,0.2303,0.1112,1.2717,23.1692,6.5879,28.4339
1366,2.6060,13.7180,4.9982,0.6985,0.1336,0.0857,0.9738,23.2138,5.9160,25.4848
1368,2.9865,12.8930,9.6445,0.7507,0.2230,0.0928,1.0290,27.6195,10.7110,38.7806
1370,1.7426,12.0911,5.2039,0.5566,0.2156,0.0918,0.9188,20.8204,6.0679,29.1440
1372,2.9368,14.3327,5.2381,0.6974,0.1373,0.0916,0.9540,24.3879,6.1644,25.2765
1374,2.3489,10.5722,5.2183,0.5852,0.1378,0.0885,0.9615,19.9124,6.0298,30.2816
1376,1.7310,14.0411,5.3438,0.6527,0.1541,0.0916,0.9008,22.9151,6.2422,27.2406
1378,2.2483,12.9282,5.0139,0.6680,0.1398,0.0905,0.9559,22.0446,5.9122,26.8193
1380,1.8388,12.2924,5.9334,0.6658,0.1399,0.0928,1.1042,22.0673,6.8319,30.9594
1382,1.4636,12.6808,5.1454,0.6290,0.1454,0.1170,1.0298,21.2110,6.0368,28.4607
1384,2.2735,13.8197,5.0791,0.8118,0.1934,0.1103,1.6457,23.9335,6.1946,25.8825
1386,2.4773,11.7915,5.4695,0.5484,0.2376,0.0917,1.0265,21.6425,6.3472,29.3275
1388,2.6366,10.8370,5.0774,0.6421,0.2410,0.0903,0.9006,20.4250,6.0508,29.6245
1390,2.1673,17.1920,8.6248,0.5720,0.2023,0.0899,1.1688,30.0171,9.4890,31.6120
1392,2.1233,12.1818,5.1092,0.5736,0.1449,0.0903,1.0625,21.2856,5.9180,27.8028
1394,2.3581,10.5118,5.3384,0.6303,0.1493,0.0886,1.0029,20.0794,6.2066,30.9103
1396,2.1436,23.8395,5.8802,0.5838,0.2357,0.0912,0.9607,33.7347,6.7909,20.1303
1398,1.8240,12.1564,4.7887,0.8495,0.1390,0.0912,0.9546,20.8034,5.8684,28.2089
1400,2.4806,10.4351,4.8993,0.6673,0.1736,0.0917,1.0877,19.8353,5.8319,29.4016
1402,2.0693,11.6211,5.1671,0.6343,0.2178,0.0908,1.1260,20.9264,6.1100,29.1976
1404,1.8275,14.1861,5.2513,0.9679,0.1370,0.0900,2.1666,24.6264,6.4462,26.1760
1406,2.3798,13.0907,5.1316,0.8266,0.1384,0.0855,1.1462,22.7988,6.1821,27.1159
1408,1.7878,16.1347,5.3073,0.6492,0.1887,0.1866,1.6942,25.9485,6.3318,24.4014
1410,3.0209,13.0248,4.7492,0.6715,0.1467,0.0899,0.9818,22.6848,5.6573,24.9387
1412,2.5624,13.3085,5.4600,0.5684,0.2350,0.0917,0.9165,23.1425,6.3551,27.4607
1414,2.0458,13.2422,5.7226,0.5712,0.1386,0.1034,0.9785,22.8023,6.5358,28.6629
1416,2.3489,13.8116,5.4686,0.5722,0.1392,0.0925,0.8896,23.3226,6.2725,26.8945
1418,2.1086,19.2068,4.9543,0.5620,0.1354,0.0928,1.4831,28.5430,5.7445,20.1258
1420,2.2059,12.3928,5.7974,0.7292,0.2260,0.0907,0.9294,22.3714,6.8433,30.5895
1422,1.7022,10.7228,6.1116,0.5672,0.1377,0.0906,1.1865,20.5186,6.9071,33.6626
1424,2.4280,11.1750,7.3311,0.5799,0.1384,0.0908,1.0742,22.8174,8.1402,35.6754
1426,2.9046,12.2180,5.3282,0.5801,0.1399,0.0906,0.8789,22.1403,6.1388,27.7268
1428,1.8078,12.5903,5.1964,0.5914,0.2341,0.0955,0.9122,21.4277,6.1174,28.5490
1430,2.2819,19.8418,5.5849,0.5804,0.1408,0.0910,1.0702,29.5910,6.3971,21.6184
1432,2.3924,15.4818,5.2860,0.5681,0.1372,0.0903,0.9812,24.9370,6.0816,24.3879
1434,1.9545,12.1241,5.3776,0.6496,0.1463,0.0889,0.9270,21.2680,6.2624,29.4452
1436,1.9287,12.2142,5.2535,0.5673,0.1395,0.0901,0.8984,21.0917,6.0504,28.6862
1438,2.4603,19.6996,6.4209,2.9455,0.1780,0.1576,1.2434,33.1053,9.7020,29.3065
1440,2.1559,12.7384,5.2097,0.6516,0.1391,0.0921,0.9314,21.9182,6.0925,27.7965
1442,2.0879,13.0799,4.9101,0.5814,0.1371,0.0885,0.8914,21.7763,5.7171,26.2538
1444,2.5231,12.0024,5.0258,0.5766,0.1765,0.1234,0.9528,21.3806,5.9023,27.6059
1446,2.5764,12.7638,5.0239,0.5686,0.1357,0.1241,0.9516,22.1441,5.8523,26.4283
1448,1.8134,12.7073,5.1687,0.5666,0.1368,0.0878,0.9662,21.4468,5.9599,27.7892
1450,1.1240,17.4768,5.2444,0.6598,0.1540,0.0910,0.9250,25.6750,6.1492,23.9501
1452,2.5532,16.1954,5.8492,0.5831,0.1530,0.0938,0.9595,26.3872,6.6791,25.3119
1454,2.7474,12.8925,5.4083,0.5905,0.1389,0.0909,1.0005,22.8690,6.2286,27.2360
1456,2.6508,12.7586,5.1205,0.5955,0.2069,0.0939,0.9300,22.3562,6.0168,26.9133
1458,1.5795,13.8596,4.9356,0.5511,0.1384,0.0893,0.8968,22.0503,5.7144,25.9153
1460,2.3440,12.0579,5.2936,0.5753,0.1331,0.0858,0.9719,21.4616,6.0878,28.3660
1462,1.9778,13.4282,4.7393,0.4859,0.1081,0.0644,0.9029,21.7066,5.3977,24.8666
1464,1.9966,12.2341,5.3821,0.6566,0.1405,0.0919,0.9884,21.4902,6.2711,29.1812
1466,2.4038,12.0770,5.2992,0.6037,0.2273,0.0897,1.2609,21.9616,6.2199,28.3217
1468,2.1931,13.5471,5.8503,0.6100,0.1546,0.0940,1.1176,23.5667,6.7089,28.4677
1470,2.2112,13.0771,4.8494,0.5289,0.4993,0.1368,1.2750,22.5777,6.0144,26.6387
1472,2.1191,14.3965,5.1165,0.5889,0.2478,0.0909,0.8782,23.4379,6.0441,25.7877
1474,3.1406,12.6094,5.2660,0.5761,0.1369,0.0905,0.9700,22.7895,6.0695,26.6329
1476,1.8364,14.0812,5.0544,0.5747,0.1328,0.0861,1.2246,22.9902,5.8480,25.4369
1478,1.7718,15.6093,7.7123,0.8068,0.2348,0.0920,1.0625,27.2895,8.8459,32.4150
1480,1.9882,18.6421,5.4150,0.5673,0.1372,0.0909,1.0863,27.9270,6.2104,22.2380
1482,1.9385,12.4406,5.3910,0.5758,0.2064,0.0895,1.2557,21.8975,6.2627,28.6001
1484,1.9509,13.9030,4.8602,0.5753,0.1367,0.0896,1.0807,22.5964,5.6618,25.0562
1486,2.9054,12.9235,6.5011,0.7136,0.3094,0.1086,1.6713,25.1329,7.6327,30.3694
1488,1.9022,12.8148,5.4327,0.5715,0.2477,0.0925,0.8910,21.9524,6.3444,28.9007
1490,2.3224,14.6432,5.7847,0.6240,0.1392,0.0921,1.1085,24.7141,6.6400,26.8673
1492,1.7421,11.9472,5.3230,0.5536,0.1376,0.0904,0.9463,20.7402,6.1046,29.4337
1494,1.9464,13.7939,5.2065,0.6297,0.1531,0.0966,0.9466,22.7728,6.0859,26.7244
1496,2.4990,12.4700,4.9810,0.5806,0.1411,0.0910,1.0525,21.8152,5.7937,26.5581
1498,3.4789,18.5649,5.1654,0.5565,0.1369,0.0916,1.0453,29.0395,5.9504,20.4907
1500,2.3243,13.7761,4.9452,0.7277,0.1384,0.0897,0.9886,22.9900,5.9010,25.6677
1502,2.3148,10.9378,5.1319,0.6112,0.1400,0.1047,1.0718,20.3122,5.9878,29.4788
1504,1.0722,19.8137,5.2190,0.6778,0.1359,0.0866,1.2299,28.2351,6.1193,21.6727
1506,2.2869,13.3534,4.9173,0.5721,0.2249,0.0903,1.2099,22.6548,5.8046,25.6219
1508,1.9359,13.9398,4.9325,0.5420,0.1366,0.0930,0.9780,22.5578,5.7041,25.2866
1510,2.5302,20.2096,5.3849,0.5727,0.1375,0.0889,1.3401,30.2639,6.1840,20.4336
1512,1.9255,12.2484,5.2471,0.5679,0.1487,0.0923,0.9732,21.2031,6.0560,28.5619
1514,1.8739,10.5839,5.0843,0.8488,0.3725,0.1462,1.1272,20.0368,6.4518,32.1998
1516,3.0091,19.6792,5.9536,0.5822,0.1687,0.2409,1.0127,30.6464,6.9454,22.6630
1518,1.7644,18.9118,5.1522,0.5845,0.1337,0.0898,1.1426,27.7790,5.9602,21.4558
1520,1.9228,13.8735,5.4326,0.6636,0.1489,0.0928,1.1336,23.2678,6.3379,27.2389
1522,2.5217,10.7121,5.2003,0.5756,0.2292,0.0922,0.9012,20.2323,6.0973,30.1365
1524,1.9066,12.2523,5.6503,0.6436,0.1537,0.0932,0.8737,21.5734,6.5408,30.3188
1526,1.7808,18.4476,5.7903,0.5826,0.2084,0.0915,0.9001,27.8013,6.6728,24.0018
1528,2.0885,13.6235,5.2157,0.7764,0.1343,0.1621,1.0051,23.0056,6.2885,27.3346
1530,2.3183,13.0580,6.1487,0.5559,0.2490,0.0928,1.0984,23.5211,7.0464,29.9578
1532,2.5325,14.7404,8.0705,0.5668,0.1814,0.0922,1.3490,27.5328,8.9109,32.3647
1534,2.2612,12.1175,5.1981,0.5751,0.1951,0.0926,1.0954,21.5350,6.0609,28.1444
1536,1.8855,11.7899,5.7766,0.6316,0.1350,0.0848,0.9943,21.2977,6.6280,31.1207
1538,2.1456,19.4111,5.8122,0.6356,0.1537,0.1093,1.6916,29.9591,6.7108,22.3999
1540,2.4949,14.8411,5.0504,0.7920,0.1404,0.0912,1.0906,24.5006,6.0740,24.7912
1542,1.7374,11.3351,5.5528,0.5752,0.1366,0.0896,1.0809,20.5076,6.3542,30.9846
1544,2.2437,10.0677,5.0309,0.5602,0.2280,0.0889,0.8964,19.1158,5.9080,30.9064
1546,2.4661,13.3183,5.2140,1.3854,0.4019,0.1389,1.2816,24.2062,7.1402,29.4974
1548,2.0927,14.1759,5.3760,0.6066,0.1383,0.0938,1.0634,23.5467,6.2147,26.3931
1550,2.7154,19.9719,5.5825,0.5764,0.1380,0.0911,1.0550,30.1303,6.3880,21.2012
1552,2.0245,16.2918,4.9137,0.5780,0.1436,0.0905,0.9994,25.0415,5.7258,22.8652
1554,2.2944,13.0667,5.2290,0.5646,0.1377,0.0990,0.9764,22.3678,6.0303,26.9597
1556,2.2674,24.0390,5.5641,0.5748,0.1588,0.0908,0.9970,33.6919,6.3885,18.9615
1558,2.1515,11.7353,4.7668,0.7216,0.1406,0.0921,0.9658,20.5737,5.7211,27.8078
1560,2.1673,13.1956,5.5746,0.6444,0.2205,0.0935,1.1469,23.0428,6.5330,28.3516
1562,1.9322,18.3793,5.6333,0.5784,0.2080,0.0922,0.8776,27.7010,6.5119,23.5078
1564,1.6978,17.3857,5.1730,0.6399,0.2337,0.0901,0.9915,26.2117,6.1367,23.4121
1566,1.9197,12.7740,6.1518,0.6191,0.1521,0.0930,1.0133,22.7230,7.0160,30.8762
1568,1.6369,10.8560,5.4393,0.6285,0.1432,0.0912,1.0473,19.8424,6.3022,31.7613
1570,2.0669,12.2190,5.4225,0.6462,0.1376,0.0963,0.7382,21.3267,6.3026,29.5526
1572,2.4144,12.5721,5.0442,0.6381,0.1762,0.1407,1.3204,22.3061,5.9992,26.8949
1574,1.9639,20.4886,6.3920,0.8908,0.4176,0.1262,1.0579,31.3370,7.8266,24.9756
1576,2.4776,12.3643,5.0205,0.5743,0.1411,0.0928,1.2378,21.9084,5.8287,26.6049
1578,1.8591,10.7354,5.1770,0.5929,0.1416,0.0930,0.9270,19.5260,6.0045,30.7513
1580,2.9992,10.4644,6.0233,0.9437,0.3754,0.1368,1.9106,22.8534,7.4792,32.7269
1582,2.4085,18.0707,5.5592,0.6084,0.2027,0.2053,1.3009,28.3557,6.5756,23.1897
1584,1.9320,12.2971,5.1432,0.5631,0.1420,0.0899,0.9421,21.1094,5.9382,28.1306
1586,1.9328,12.9341,5.2235,0.5660,0.2244,0.0903,1.0774,22.0485,6.1042,27.6853
1588,2.3404,14.1311,6.8607,0.5277,0.1335,0.0858,0.9175,24.9967,7.6077,30.4348
1590,2.1514,13.8500,4.8835,0.5629,0.1951,0.0934,1.3753,23.1116,5.7349,24.8139
1592,2.4197,20.8060,5.3007,0.6778,0.2754,0.0978,1.1950,30.7724,6.3517,20.6409
1594,1.8039,14.5436,5.4915,0.7840,0.2246,0.0941,1.0590,24.0007,6.5942,27.4750
1596,2.0137,12.6585,5.0420,0.6234,0.1997,0.0905,0.9838,21.6116,5.9556,27.5574
1598,1.5896,10.3030,5.1803,0.5937,0.1409,0.0919,1.0846,18.9840,6.0068,31.6414
1600,2.1135,27.1524,7.1034,0.5868,0.1376,0.1064,1.1805,38.3806,7.9342,20.6724
1602,3.2774,19.1579,5.1650,0.6375,0.1426,0.0918,0.9534,29.4256,6.0369,20.5158
1604,2.2554,13.8508,4.4174,0.4902,0.1112,0.0661,1.2267,22.4178,5.0849,22.6824
1606,2.2678,13.1741,5.1545,0.5888,0.2277,0.0930,1.4956,23.0015,6.0640,26.3635
1608,2.7630,10.6347,5.3193,0.5681,0.1396,0.0877,1.3932,20.9056,6.1147,29.2491
1610,1.8689,16.8087,5.0625,0.6428,0.1819,0.0911,1.5213,26.1772,5.9783,22.8378
1612,1.8291,14.8814,5.1670,0.5565,0.1422,0.0918,1.5161,24.1841,5.9575,24.6340
1614,1.9419,12.7121,4.8050,0.7421,0.1323,0.0864,1.3520,21.7718,5.7658,26.4829
1616,2.1039,20.7091,5.4454,0.5911,0.1459,0.0903,1.9579,31.0436,6.2727,20.2061
1618,1.9108,13.9197,5.3492,0.5937,0.1399,0.0889,1.4485,23.4507,6.1717,26.3178
1620,2.6827,11.5392,5.0812,0.5812,0.1673,0.0941,1.0675,21.2132,5.9238,27.9251
1622,1.9173,20.9302,5.9241,0.5908,0.2026,0.0978,1.1824,30.8452,6.8153,22.0952
1624,2.0970,12.8496,5.1929,0.6511,0.1396,0.1614,0.9561,22.0477,6.1450,27.8714
1626,1.7393,12.0178,5.4741,0.6532,0.2282,0.0896,0.8582,21.0604,6.4451,30.6029
1628,1.8091,13.4691,5.1158,0.7205,0.1340,0.0855,0.9718,22.3058,6.0558,27.1490
1630,2.2552,13.1482,5.3037,0.5451,0.1379,0.1698,1.0167,22.5766,6.1565,27.2694
1632,1.6944,15.5340,5.3800,0.5540,0.2483,0.0923,0.9233,24.4263,6.2746,25.6879
1634,2.2853,11.5106,5.6914,0.6756,0.1940,0.0974,0.9447,21.3990,6.6584,31.1155
1636,2.3655,14.7505,7.4846,0.8818,0.2536,0.1468,1.5657,27.4485,8.7668,31.9391
1638,2.2964,17.8964,6.0486,0.8330,0.2247,0.1253,1.3154,28.7398,7.2316,25.1623
1640,1.7815,14.0644,6.0135,0.7534,0.1541,0.1027,0.9802,23.8498,7.0237,29.4497
1642,2.3748,12.0035,7.4904,0.5885,0.2311,0.0926,0.9748,23.7557,8.4026,35.3709
1644,2.2602,16.4400,5.8463,0.5985,0.2100,0.0909,1.1884,26.6343,6.7457,25.3271
1646,1.6081,13.0748,8.3888,0.6239,0.1482,0.1002,1.3360,25.2800,9.2611,36.6341
1648,1.9944,10.1070,5.6262,0.6529,0.1469,0.0903,0.9330,19.5507,6.5163,33.3303
1650,2.1492,13.7196,4.8531,0.5454,0.1386,0.0875,0.9820,22.4754,5.6246,25.0256
1652,2.7155,12.1767,5.4651,0.5753,0.1390,0.0925,1.1130,22.2771,6.2719,28.1540
1654,1.9678,13.9150,5.6172,0.7922,0.1965,0.1151,1.3505,23.9543,6.7210,28.0576
1656,2.0482,15.2964,7.2570,1.0270,0.2034,0.1532,1.4250,27.4102,8.6406,31.5233
1658,2.5292,14.1904,5.8775,0.6923,0.2309,0.0975,1.1439,24.7617,6.8982,27.8583
1660,1.6472,12.7001,6.1431,0.5875,0.1503,0.1066,1.0539,22.3887,6.9875,31.2099
1662,2.2875,10.8167,6.1294,0.5217,0.1224,0.0658,0.7129,20.6564,6.8393,33.1098
1664,1.7221,11.3545,5.3169,0.6144,0.2350,0.0946,0.9661,20.3036,6.2609,30.8364
1666,2.0251,26.2313,6.8046,0.8562,0.1847,0.1255,1.1581,37.3855,7.9710,21.3211
1668,2.2156,13.0841,5.3685,0.6492,0.1407,0.0904,0.9133,22.4618,6.2488,27.8197
1670,1.8793,11.5175,5.1958,0.6082,0.2347,0.0909,0.8912,20.4176,6.1296,30.0212
1672,2.0557,14.1761,5.1169,0.4631,0.1062,0.0941,0.9939,23.0060,5.7803,25.1252
1674,1.7704,12.0438,5.1070,0.6485,0.1655,0.0905,0.8800,20.7057,6.0115,29.0331
1676,1.9170,12.0812,7.5600,0.5856,0.2431,0.0913,0.9510,23.4292,8.4800,36.1942
1678,2.6421,10.9082,5.2992,0.5824,0.1510,0.0911,1.0219,20.6959,6.1237,29.5890
